created_utc,body,clean_body,body_sentiment,body_label
2026-05-05 23:07:43+00:00,"# Why Nokia

Nokia has made a shift from a legacy hardware manufacturer to an AI and Defence player. The stock price has began correcting, but still lags behind.

# PE Valuation

Nokias current PE is sitting at 26 with the price of $13.4. It has taken a move away from its previous telecom equipment valuation, which had comparables such as Ericsson sitting at 17. It’s currently shifting towards an optical infrastructure valuation, which leaves comparables such as ciena (216 PE) and Arista networks (54 PE). Right now Nokia is sitting in the transition phase, where we are left waiting to see where its valuation lands.

If we see the rewrite landing us on the low side of 54, that brings us to the potential price of \~$26.8, as long as development continues and Nokia is taken seriously as an AI infrastructure player. As of now, most people still struggle to see it as more than just a telecoms company, or an old phone company. If it does break away from its previous identity, I do see the rewrite of its AI valuation playing out.

# The Defence sector.

Nokia has made a large shift towards the Defence sector, currently using 5G and AI, and will continue to develop themselves in this space Via 6G and AI-RAN.

They have a dedicated branch (Nokia Federal Solution) that is dedicated to serving the US government.

Their current defence partnerships are the US government, Lockheed Martin, NVDA, and Motorola (UK defence development)

# What comes next

As for what comes after, I don’t think it’s really possible to put a price target on AI-RAN yet. If it is successful at what it aims to do, they will not only operate as an AI foundation, but also as an AI supplier via the 6G network centres if they achieve their goal. We will see a brand new revenue stream similar to cloud monetization. It’s impossible to put a price target on it, because we have no comparable, and it will be the first of its kind.

If everything goes to plan, we could potentially see the $26.8 rewrite in the somewhat near future, with the potential of going much higher depending on how AI-RAN and partnerships play out.

# Positions

https://preview.redd.it/q9ikzatehezg1.png?width=1179&format=png&auto=webp&s=c7c9015035fa3006f176824ef8408211516541ae

  


35,403 shares

 288x $10JAN28 

123x $15JAN28

I will also be adding more throughout the revaluation.



NFA.

Godspeed.",why nokia nokia has made a shift from a legacy hardware manufacturer to an ai and defence player the stock price has began correcting but still lags behind pe valuation nokias current pe is sitting at with the price of it has taken a move away from its previous telecom equipment valuation which had comparables such as ericsson sitting at it s currently shifting towards an optical infrastructure valuation which leaves comparables such as ciena pe and arista networks pe right now nokia is sitting in the transition phase where we are left waiting to see where its valuation lands if we see the rewrite landing us on the low side of that brings us to the potential price of as long as development continues and nokia is taken seriously as an ai infrastructure player as of now most people still struggle to see it as more than just a telecoms company or an old phone company if it does break away from its previous identity i do see the rewrite of its ai valuation playing out the defence sector nokia has made a large shift towards the defence sector currently using g and ai and will continue to develop themselves in this space via g and ai ran they have a dedicated branch nokia federal solution that is dedicated to serving the us government their current defence partnerships are the us government lockheed martin nvda and motorola uk defence development what comes next as for what comes after i don t think it s really possible to put a price target on ai ran yet if it is successful at what it aims to do they will not only operate as an ai foundation but also as an ai supplier via the g network centres if they achieve their goal we will see a brand new revenue stream similar to cloud monetization it s impossible to put a price target on it because we have no comparable and it will be the first of its kind if everything goes to plan we could potentially see the rewrite in the somewhat near future with the potential of going much higher depending on how ai ran and partnerships play out positions shares x jan x jan i will also be adding more throughout the revaluation nfa godspeed,0.9655,positive
2026-05-05 23:03:20+00:00,,nan,0.0,neutral
2026-05-05 23:02:22+00:00,,nan,0.0,neutral
2026-05-05 22:34:06+00:00,"10 Year Average Return = 20.31%

3 Year Average Return = 37.29%

1 Year = 72.15%

Granddad's money = 🚀🚀🚀 152.45% in the last 12 months!",year average return year average return year granddad s money in the last months,0.0,neutral
2026-05-05 22:33:32+00:00,"Need I say more?

Who's coming for 600$?",need i say more who s coming for,0.0,neutral
2026-05-05 22:29:29+00:00,My second best play of the year. ,my second best play of the year,0.765,positive
2026-05-05 22:26:43+00:00,,nan,0.0,neutral
2026-05-05 22:25:32+00:00,,nan,0.0,neutral
2026-05-05 22:22:50+00:00,I legit think this hits $1000 in the a few months.,i legit think this hits in the a few months,0.0,neutral
2026-05-05 22:21:58+00:00,,nan,0.0,neutral
2026-05-05 22:20:14+00:00,Going to let these keep running and see what happens. Already trimmed position (had 250 calls) and took out a nice profit. If MU goes up another 10% tomorrow these will be worth a bag. ,going to let these keep running and see what happens already trimmed position had calls and took out a nice profit if mu goes up another tomorrow these will be worth a bag,0.765,positive
2026-05-05 22:12:05+00:00,egay,egay,0.0,neutral
2026-05-05 22:06:12+00:00,,nan,0.0,neutral
2026-05-05 22:03:30+00:00,OGs never forget this sub's thrist for Su Bae ,ogs never forget this sub s thrist for su bae,0.1695,positive
2026-05-05 22:01:52+00:00,"Going to straight zero in the AM. No straddles, no protections. Drawbacks are bullshit. Never doubting Su bae again",going to straight zero in the am no straddles no protections drawbacks are bullshit never doubting su bae again,-0.6444,negative
2026-05-05 21:46:30+00:00,"https://preview.redd.it/ia2qw0xs0ezg1.jpg?width=1321&format=pjpg&auto=webp&s=9d9d097b3f95e73374d1538dde13b20328837f61

Mines been a rollercoaster!

From the start of the year to the first peak is my annual salary.

I felt like a champ.  Q1 results happened, tech panicked on the capex spend and suddenly I was slightly in the red.  Iran happened and suddenly I'm down my annual salary instead of up it.

Iran is still happening and now I'm up my annual salary again.  It makes zero sense but I'm not complaining.

My strat broadly has been to buy TSMC calls when it pulls back and take modest profits.  Thats been smart and worked well.  I've held a lot of GOOGL calls through both earnings.  Last quarter I was greedy and got fucked.  This quarter I was stubborn and got lucky.  

If I could be less stupid I'd probably be quite rich.",mines been a rollercoaster from the start of the year to the first peak is my annual salary i felt like a champ q results happened tech panicked on the capex spend and suddenly i was slightly in the red iran happened and suddenly i m down my annual salary instead of up it iran is still happening and now i m up my annual salary again it makes zero sense but i m not complaining my strat broadly has been to buy tsmc calls when it pulls back and take modest profits thats been smart and worked well i ve held a lot of googl calls through both earnings last quarter i was greedy and got fucked this quarter i was stubborn and got lucky if i could be less stupid i d probably be quite rich,0.6145,positive
2026-05-05 21:43:29+00:00,,nan,0.0,neutral
2026-05-05 21:42:33+00:00,,nan,0.0,neutral
2026-05-05 21:25:47+00:00,Swipe right for trade confirmation.,swipe right for trade confirmation,0.0,neutral
2026-05-05 21:25:32+00:00,Made with Gemini btw ,made with gemini btw,0.0,neutral
2026-05-05 21:23:30+00:00,,nan,0.0,neutral
2026-05-05 21:20:24+00:00,[https://www.sec.gov/newsroom/press-releases/2026-42-sec-proposes-amendments-permit-optional-semiannual-reporting-public-companies](https://www.sec.gov/newsroom/press-releases/2026-42-sec-proposes-amendments-permit-optional-semiannual-reporting-public-companies),,0.0,neutral
2026-05-05 21:08:24+00:00,"started my journey in 2017, got wrecked twice by the stock that shall not be named in 2021 and 2024. Started DCAing and investing like a normal person at the start of 2025 and within about a years time i’ve managed to climb out of the hole. special thanks to $MU ❤️",started my journey in got wrecked twice by the stock that shall not be named in and started dcaing and investing like a normal person at the start of and within about a years time i ve managed to climb out of the hole special thanks to mu,0.7964,positive
2026-05-05 20:59:16+00:00,,nan,0.0,neutral
2026-05-05 20:49:23+00:00,"I own 2k shares from last year 26.71 average. I have a whole bull case about it benefitting from the k shaped economy and being insulated from war and ai but what got me was the utter lack of chatter from retail and no options flow…. That seems to be changing now. After a good earnings today, I saw the highest options flow I’ve seen in a year following… is this someone knowing something or have fellow degens arrived? 

The company has approved \~$490m in buy backs left… ceo said today they’d be executing… wondering if someone knows that’s coming soon and front ran? 

Idk lmk if this is retarded enough for anyone else or if I’m just delusional overthinking it trying to make it into a cash cow Warren buffet type play. ",i own k shares from last year average i have a whole bull case about it benefitting from the k shaped economy and being insulated from war and ai but what got me was the utter lack of chatter from retail and no options flow that seems to be changing now after a good earnings today i saw the highest options flow i ve seen in a year following is this someone knowing something or have fellow degens arrived the company has approved m in buy backs left ceo said today they d be executing wondering if someone knows that s coming soon and front ran idk lmk if this is retarded enough for anyone else or if i m just delusional overthinking it trying to make it into a cash cow warren buffet type play,-0.2382,negative
2026-05-05 20:47:20+00:00,I regretted upping the quantity last second too! Selling first thing tomorrow! ,i regretted upping the quantity last second too selling first thing tomorrow,-0.3818,negative
2026-05-05 20:46:38+00:00,,nan,0.0,neutral
2026-05-05 20:42:34+00:00,"I know, gains for ants.  ",i know gains for ants,0.34,positive
2026-05-05 20:41:19+00:00,Swipe right to see the trade confirmation/time that I entered this trade,swipe right to see the trade confirmation time that i entered this trade,0.0,neutral
2026-05-05 20:34:34+00:00,I couldn’t bring myself to buy more when I did and so here I am.,i couldn t bring myself to buy more when i did and so here i am,0.0,neutral
2026-05-05 20:32:33+00:00,,nan,0.0,neutral
2026-05-05 20:31:59+00:00,I’m gonna sleep good tonight.,i m gonna sleep good tonight,0.4404,positive
2026-05-05 20:28:43+00:00,,nan,0.0,neutral
2026-05-05 20:27:38+00:00,"Since January 2025 this thing has gone through five separate 41-55% pullbacks (avg 49.2%), with the longest drawdown hitting 110 trading days. We’re currently in the 2nd longest at -50% over 66 days.

The chart makes the pattern obvious, these violent corrections followed by recoveries have been standard volatility for ASTS. Painful to sit through, but historically not unusual for this name.

A lot of people are treating this current leg down like it’s game over, but looking at the repeated behavior, it seems more like business as usual for a high-beta space play.  
Serious question for holders:

Has this latest drawdown shaken you out, or are you still long-term bullish on the space-based cellular broadband thesis?  
Still diamond handing the full position?  
Trimming or adding on weakness?  
Already tapped out?  
What’s your updated thesis? Has anything fundamentally changed with the satellite deployment timeline, partnerships, or revenue ramp, or is this just more noise in a story that’s played out like this multiple times already?

Drop your current position, TA if you have it, hopium, or bear case. Looking for real takes, not just “to the moon” spam.  
Let’s hear it.",since january this thing has gone through five separate pullbacks avg with the longest drawdown hitting trading days we re currently in the nd longest at over days the chart makes the pattern obvious these violent corrections followed by recoveries have been standard volatility for asts painful to sit through but historically not unusual for this name a lot of people are treating this current leg down like it s game over but looking at the repeated behavior it seems more like business as usual for a high beta space play serious question for holders has this latest drawdown shaken you out or are you still long term bullish on the space based cellular broadband thesis still diamond handing the full position trimming or adding on weakness already tapped out what s your updated thesis has anything fundamentally changed with the satellite deployment timeline partnerships or revenue ramp or is this just more noise in a story that s played out like this multiple times already drop your current position ta if you have it hopium or bear case looking for real takes not just to the moon spam let s hear it,0.631,positive
2026-05-05 20:23:37+00:00,I put money I needed to buy a car to the test. Might get leather seats now.,i put money i needed to buy a car to the test might get leather seats now,0.0,neutral
2026-05-05 19:57:18+00:00,"The past year, I’ve been working like a slave. Just to lose most of it investing. I’ve gotten myself in such a huge whole with credit card debt, lawyer fees and I’ve lost 2 cars in the past month and have to save 2k for a new one. I wish I could just win lol",the past year i ve been working like a slave just to lose most of it investing i ve gotten myself in such a huge whole with credit card debt lawyer fees and i ve lost cars in the past month and have to save k for a new one i wish i could just win lol,0.9081,positive
2026-05-05 19:57:08+00:00,This post contains content not supported on old Reddit. [Click here to view the full post](https://sh.reddit.com/r/wallstreetbets/comments/1t4qjkc),this post contains content not supported on old reddit click here to view the full post,-0.2411,negative
2026-05-05 19:16:35+00:00,"It's not all rainbows, I was questioning myself most days. Been holding since 05/09/2024. It's in a yolo account.",it s not all rainbows i was questioning myself most days been holding since it s in a yolo account,0.1779,positive
2026-05-05 18:53:52+00:00,"Been holding SITM for just over a year… sold half at $250… learned my lesson - not selling anytime soon 😏

Edit: Source for DD 

https://www.reddit.com/r/SecurityAnalysis/s/e5wLmRzZMz",been holding sitm for just over a year sold half at learned my lesson not selling anytime soon edit source for dd,0.0,neutral
2026-05-05 18:49:19+00:00,,nan,0.0,neutral
2026-05-05 18:18:36+00:00,"**About my current score is it three straight wins or two out of three? Anyone who’s been following me should know what trade I’m talking about Bet placed no takebacks! There are no broke boys on WSB 💪💪💪**

  
By the way a lot of people have been asking me what the next play is I can tell you if you like going all in and enjoy playing with this kind of thrill I’m happy to share But if you’re a broke boy trying to get rich off one lucky trade don’t bother asking me 🤡🤡🤡",about my current score is it three straight wins or two out of three anyone who s been following me should know what trade i m talking about bet placed no takebacks there are no broke boys on wsb by the way a lot of people have been asking me what the next play is i can tell you if you like going all in and enjoy playing with this kind of thrill i m happy to share but if you re a broke boy trying to get rich off one lucky trade don t bother asking me,0.8751,positive
2026-05-05 18:12:07+00:00,"Kept rolling my $DOCN call options to further OTM and finally hit 2M today. Below are realized gains:

[DOCN 401k](https://preview.redd.it/58e48vuizczg1.png?width=2818&format=png&auto=webp&s=7d278654dcab89cecffa8bfbee1254121e112df6)

[DOCN Roth](https://preview.redd.it/o30y50wlzczg1.png?width=2818&format=png&auto=webp&s=559080cc7112c6f4023e01cdee282e6eb06ac71d)

**only picked stocks that were mentioned in wsb before me picking it** (excluding one)  
previous plays include: $PACS, $NUVB, $HIMS

adding account performance for proofs:

https://preview.redd.it/qwdto51s0dzg1.png?width=1012&format=png&auto=webp&s=7d9a5eaf841970b8042220d616ccaf0e7e82e787

https://preview.redd.it/88xm4eb60dzg1.png?width=3104&format=png&auto=webp&s=d21f14da6d82c50aa636a9cf22f0a7d8253ceeb1

https://preview.redd.it/t8dkoxn80dzg1.png?width=3066&format=png&auto=webp&s=48cbd2b175036a7f1a42834fef154c19255a4ea5

some mentioned on my -250k $HIMS post that i came from money and i lol-ed at it.

shout out to the regard who posted about $DOCN when it was trading at $30.

anyway i either 10x or 0.

See you at Wendy's",kept rolling my docn call options to further otm and finally hit m today below are realized gains docn k docn roth only picked stocks that were mentioned in wsb before me picking it excluding one previous plays include pacs nuvb hims adding account performance for proofs some mentioned on my k hims post that i came from money and i lol ed at it shout out to the regard who posted about docn when it was trading at anyway i either x or see you at wendy s,0.7351,positive
2026-05-05 17:54:20+00:00,,nan,0.0,neutral
2026-05-05 17:16:01+00:00,,nan,0.0,neutral
2026-05-05 16:53:51+00:00,,nan,0.0,neutral
2026-05-05 16:06:23+00:00,Been holding stock since the meme days in 2018 and never let go...,been holding stock since the meme days in and never let go,0.0,neutral
2026-05-05 16:02:28+00:00,,nan,0.0,neutral
2026-05-05 15:43:36+00:00,,nan,0.0,neutral
2026-05-05 14:28:31+00:00,"I made a retarded post a week ago about not stock picking and I redact my statements. When you have such insane mispricing / re-rating happening in real time with MU, I had to rotate aggressively.

My biggest regret was NVDA. I saw the price action in isolation and kept telling myself it was too late. Learned from that and will never repeat that mistake again. Look at earnings, guidance and overall business not price action alone.

Never making that mistake again.

My own price target for MU is $1250 and even then that doesn’t constitute a full re-rating. Just something slightly more sensible than the nonsense it’s priced at now.",i made a retarded post a week ago about not stock picking and i redact my statements when you have such insane mispricing re rating happening in real time with mu i had to rotate aggressively my biggest regret was nvda i saw the price action in isolation and kept telling myself it was too late learned from that and will never repeat that mistake again look at earnings guidance and overall business not price action alone never making that mistake again my own price target for mu is and even then that doesn t constitute a full re rating just something slightly more sensible than the nonsense it s priced at now,-0.9019,negative
2026-05-05 14:07:45+00:00,"**Carvana CVNA has left bears by the wayside for years.  Why short them now?**

**CVNA bearish moving averages**.  CVNA has run up from $280 to $390 and is now flashing heavily bearish moving averages.

**Rising fuel and inflation is really bad for CVNA**.  Carvana is hosting a hefty 6% profit margin.  That leaves little room if consumers take any sort of beating.

**Stock split**.  This is a largely symbolic move.  And once the hype from this great big nothing burger wears off all the good news will be baked in.

**Positions and Disclosure**.  I am a retail trader.  I am not a financial professional.  For the near future I am short CVNA and will be looking to add additional puts if a buying opportunity presents.

BFLO-Retail",carvana cvna has left bears by the wayside for years why short them now cvna bearish moving averages cvna has run up from to and is now flashing heavily bearish moving averages rising fuel and inflation is really bad for cvna carvana is hosting a hefty profit margin that leaves little room if consumers take any sort of beating stock split this is a largely symbolic move and once the hype from this great big nothing burger wears off all the good news will be baked in positions and disclosure i am a retail trader i am not a financial professional for the near future i am short cvna and will be looking to add additional puts if a buying opportunity presents bflo retail,0.7498,positive
2026-05-05 13:37:17+00:00,Been in Intel since the $20s and just climbing the mountain ever since.,been in intel since the s and just climbing the mountain ever since,0.0,neutral
2026-05-05 11:00:55+00:00,This post contains content not supported on old Reddit. [Click here to view the full post](https://sh.reddit.com/r/wallstreetbets/comments/1t4c30b),this post contains content not supported on old reddit click here to view the full post,-0.2411,negative
2026-05-05 07:14:03+00:00,"Bought MRVL at $80 in the Jan sell-off after it fell to the level where insiders had been loading the boat over last 12 months 👀 

Sold MRVL at $160 other week for 5K gain 

Solid triple for my Hood account over last 12 months 😁😁😁

Fed up with constant Hood pop-up alerts for margin and option trading though so gonna close the account on a high, regards🫡 ",bought mrvl at in the jan sell off after it fell to the level where insiders had been loading the boat over last months sold mrvl at other week for k gain solid triple for my hood account over last months fed up with constant hood pop up alerts for margin and option trading though so gonna close the account on a high regards,0.6124,positive
2026-05-05 03:01:52+00:00,"“Apple Inc. has held exploratory discussions about using Intel Corp. and Samsung Electronics Co. to produce the main processors for its devices, a move that would offer a secondary option beyond longtime partner Taiwan Semiconductor Manufacturing Co.”

https://www.bloomberg.com/news/articles/2026-05-05/apple-explores-using-intel-and-samsung-to-build-main-device-chips-in-the-us",apple inc has held exploratory discussions about using intel corp and samsung electronics co to produce the main processors for its devices a move that would offer a secondary option beyond longtime partner taiwan semiconductor manufacturing co,0.0,neutral
2026-05-05 02:29:24+00:00,"I'm thinking George Clooney for Jamie Dimon, no?  Leo? Would retired Tim Apple be open for a late in life acting career?

Edit:  
Jake Gyllenhaal as Jerome Powell

Jim from The Office for Sam Altman

Seth Rogan as Dario Amodei

Elon Musk as himself because nobody wants to put themselves in Lex Luthor's cross hairs.
",i m thinking george clooney for jamie dimon no leo would retired tim apple be open for a late in life acting career edit jake gyllenhaal as jerome powell jim from the office for sam altman seth rogan as dario amodei elon musk as himself because nobody wants to put themselves in lex luthor s cross hairs,-0.296,negative
2026-05-05 02:18:27+00:00,,nan,0.0,neutral
2026-05-05 01:21:45+00:00,Was so happy i even signed up for Prime today,was so happy i even signed up for prime today,0.6115,positive
2026-05-05 01:18:29+00:00,"53,494 open interest on 235 calls expiring two days after earnings, 13x higher than average OI. It’s very deliberate. I have 13 contracts $220 strike at 2.09 average, and enough conviction to diamond hands these for the next few weeks, through earnings. Going to practice putting the fries in the bag in the meantime, just in case, but thought I would share. I bought these calls on an entirely separate thesis, then found the OI volume after which gives me tons of confidence in the position. I’m either going to the moon or the Wendy’s drive through. ",open interest on calls expiring two days after earnings x higher than average oi it s very deliberate i have contracts strike at average and enough conviction to diamond hands these for the next few weeks through earnings going to practice putting the fries in the bag in the meantime just in case but thought i would share i bought these calls on an entirely separate thesis then found the oi volume after which gives me tons of confidence in the position i m either going to the moon or the wendy s drive through,0.8658,positive
2026-05-05 00:49:39+00:00,Is this the beginning of the end? The first one is free etc?,is this the beginning of the end the first one is free etc,0.5106,positive
2026-05-04 23:02:49+00:00,"This is an update to last week, decided to double down and take out more margin to buy sandisk and more micron and nebius ",this is an update to last week decided to double down and take out more margin to buy sandisk and more micron and nebius,0.0,neutral
2026-05-04 23:01:18+00:00,100k soon?,k soon,0.0,neutral
2026-05-04 22:38:46+00:00,Micron leaps are so deep ITM now.  I got these when they were OTM and now just printing like crazy.  I was up $1.3M earlier and really wanted a $1M day.  I really don't think I will ever get this chance again to hit that elusive mark.  Enjoy!,micron leaps are so deep itm now i got these when they were otm and now just printing like crazy i was up m earlier and really wanted a m day i really don t think i will ever get this chance again to hit that elusive mark enjoy,0.6757,positive
2026-05-04 22:28:00+00:00,"I’ve been long on $AUR for a while with several LEAPS at 7 & 10, but the tide is finally starting to turn before earnings on May 6th

In a basic sense, it’s sort of an AI play but Aurora also has the most automated freight trucks on the road right now (working, earning money, and providing feedback) of any automated freight provider.  They signed an exclusive with Amazon recently. Do you own DD.

But these past couple weeks I’m starting to see the movement I’d expected and if their earnings pop this week it’ll be off to the races.",i ve been long on aur for a while with several leaps at but the tide is finally starting to turn before earnings on may th in a basic sense it s sort of an ai play but aurora also has the most automated freight trucks on the road right now working earning money and providing feedback of any automated freight provider they signed an exclusive with amazon recently do you own dd but these past couple weeks i m starting to see the movement i d expected and if their earnings pop this week it ll be off to the races,0.7096,positive
2026-05-04 22:16:32+00:00,,nan,0.0,neutral
2026-05-04 22:00:24+00:00,"Hedgies already know from insider information that Figma will crush earnings expectations, that's why it's rising into earnings. This will blow past $35 after earnings.

TEAM and TWLO already showed what happens when a SaSS companies beat earning this quarter.

You can still get in.",hedgies already know from insider information that figma will crush earnings expectations that s why it s rising into earnings this will blow past after earnings team and twlo already showed what happens when a sass companies beat earning this quarter you can still get in,-0.1531,negative
2026-05-04 21:55:33+00:00,"Reloaded this account in February with 1.6k after a years break. I was determined to strictly scalp 0dte SPY options with this account, aiming for 10% daily average returns, and by god I've done it. 

The primary strategy I've been using is using the MACD indicator like a bible. If momentum isn't fading on the 1 minute I ain't buying. I was sadly born a bear, so I typically play for ATM 0dte puts. Yes, I have been buying puts on this whole rally up. How am I still profitable? Fear of the V like the devil. Any aggressive down move will be an instant take profit for me.

I would like to post specific trades but that's not really viable here, I have made over a thousand orders in the past 3 months using a cash account to get around the PDT rule(May it rot in hell in a month).

The account had a rocky start, at it's lows was at $900, till I finally locked in. As you can see in my All Time chart, this account is officially up 100% since creation, after blowing it last time trying to short Tesla(never again). If you look at daily gains you will notice how they start small and slowly accelerate. If you take anything away from this post, take away that gains compound, and you don't need to risk blowing your account in one big trade. Well that's all for me, Going to be throwing this whole thing at AMD puts tommorrow!",reloaded this account in february with k after a years break i was determined to strictly scalp dte spy options with this account aiming for daily average returns and by god i ve done it the primary strategy i ve been using is using the macd indicator like a bible if momentum isn t fading on the minute i ain t buying i was sadly born a bear so i typically play for atm dte puts yes i have been buying puts on this whole rally up how am i still profitable fear of the v like the devil any aggressive down move will be an instant take profit for me i would like to post specific trades but that s not really viable here i have made over a thousand orders in the past months using a cash account to get around the pdt rule may it rot in hell in a month the account had a rocky start at it s lows was at till i finally locked in as you can see in my all time chart this account is officially up since creation after blowing it last time trying to short tesla never again if you look at daily gains you will notice how they start small and slowly accelerate if you take anything away from this post take away that gains compound and you don t need to risk blowing your account in one big trade well that s all for me going to be throwing this whole thing at amd puts tommorrow,0.517,positive
2026-05-04 21:47:11+00:00,"I kinda wanna keep a little “passport” of my own, like collecting stamps from every country by meeting women from all over, lol",i kinda wanna keep a little passport of my own like collecting stamps from every country by meeting women from all over lol,0.6486,positive
2026-05-04 21:39:55+00:00,Couple months later,couple months later,0.0,neutral
2026-05-04 21:22:13+00:00,A little background I bought this right before they announced their big Microsoft deal like a week or 2 before and the chart looked PERFECT because once again I’ve seen this whole Ai buildout coming and positioned accordingly. I still held this position from when NBIS went from 140 all the way to the low 80s yet my conviction did not waver. Not an easy journey by any means but here we are. Can’t wait for their earnings!,a little background i bought this right before they announced their big microsoft deal like a week or before and the chart looked perfect because once again i ve seen this whole ai buildout coming and positioned accordingly i still held this position from when nbis went from all the way to the low s yet my conviction did not waver not an easy journey by any means but here we are can t wait for their earnings,0.2136,positive
2026-05-04 20:54:23+00:00,,nan,0.0,neutral
2026-05-04 20:38:28+00:00,"https://preview.redd.it/rvkxvikpl6zg1.png?width=452&format=png&auto=webp&s=39c6c5bca74f9efa00cd8c6caa30fc28d02e833f

https://preview.redd.it/binmkn70m6zg1.png?width=518&format=png&auto=webp&s=3e49afe2c33b9f73bf785708ff354c3b290ceb5e

  
I know im truly regarded!",i know im truly regarded,0.4404,positive
2026-05-04 20:12:59+00:00,"Figma is too good of a product to still have 25% of the shares short, even after the move off the bottom.

Earnings are next Thursday. I expect a beat and a reacceleration in revenue growth, driven by token sales from Figma Make.

I think the market is underestimating this. They’re emerging as a meaningful token seller, a tier below players like Anthropic and OpenAi

My Position is 50,185 shares at $16.82",figma is too good of a product to still have of the shares short even after the move off the bottom earnings are next thursday i expect a beat and a reacceleration in revenue growth driven by token sales from figma make i think the market is underestimating this they re emerging as a meaningful token seller a tier below players like anthropic and openai my position is shares at,0.9136,positive
2026-05-04 19:57:10+00:00,This post contains content not supported on old Reddit. [Click here to view the full post](https://sh.reddit.com/r/wallstreetbets/comments/1t3ss3a),this post contains content not supported on old reddit click here to view the full post,-0.2411,negative
2026-05-04 19:34:35+00:00,Easy buy in January after I could see Micron was going off. Just looked up micron competitors and bought this. Small chunk of change gain. ,easy buy in january after i could see micron was going off just looked up micron competitors and bought this small chunk of change gain,0.743,positive
2026-05-04 18:52:44+00:00,"Homoz deadloacked, first real oil shock CPI print May 12. Im holding this bad boy 🐻🐻🐻",homoz deadloacked first real oil shock cpi print may im holding this bad boy,-0.7734,negative
2026-05-04 18:20:06+00:00,Just looking to buy Pokemon cards and this came up ,just looking to buy pokemon cards and this came up,0.0,neutral
2026-05-04 18:09:14+00:00,,nan,0.0,neutral
2026-05-04 17:50:30+00:00,Wish me luck!,wish me luck,0.6908,positive
2026-05-04 17:34:21+00:00,,nan,0.0,neutral
2026-05-04 17:30:04+00:00,They're called naked calls because they're free money,they re called naked calls because they re free money,0.5106,positive
2026-05-04 16:54:28+00:00,"Hold past earnings?  
Yet bet.

https://preview.redd.it/idgbztn4i5zg1.png?width=1090&format=png&auto=webp&s=7e1811368d39bf0eee54ed67fe203155c106bbbf

",hold past earnings yet bet,0.0,neutral
2026-05-04 16:35:31+00:00,,nan,0.0,neutral
2026-05-04 16:22:37+00:00,,nan,0.0,neutral
2026-05-04 16:07:20+00:00,,nan,0.0,neutral
2026-05-04 15:34:35+00:00,,nan,0.0,neutral
2026-05-04 14:53:23+00:00,"Previous post: [I went all-in on shipping - Week 1 : r/wallstreetbets](https://www.reddit.com/r/wallstreetbets/comments/1szr50z/i_went_allin_on_shipping_week_1/)

Seems like it's slowly but surely working out, I'm up another \~4% just today on my shipping all-in, overall up roughly \~20%.

Some updates:

\- CMBT got a $19 price target: [https://x.com/ed\_fin/status/2051208028385366059](https://x.com/ed_fin/status/2051208028385366059)

\- Pareto added CMBT to their portfolio: [https://www.placera.se/telegram/norbit-paretos-norska-portfolj-krossade-index-moblerar-om-infor-maj-20260504](https://www.placera.se/telegram/norbit-paretos-norska-portfolj-krossade-index-moblerar-om-infor-maj-20260504)

\- Strait of Hormuz is still blocked and the conflict is escalating: [Strait of Hormuz disruptions: Implications for global trade and development | UN Trade and Development (UNCTAD)](https://unctad.org/publication/strait-hormuz-disruptions-implications-global-trade-and-development)

\- The supplies on the 2000 stuck ships are starting to get tight, meaning if they get abandoned as the crew is rescued, they will remain there for a long time: [What we know about Trump's 'Project Freedom' in Strait of Hormuz](https://www.bbc.com/news/articles/c4g437depzpo)

  
Remember, do your research before you buy anything, I'm just posting updates on my own YOLO into shipping.",previous post i went all in on shipping week r wallstreetbets seems like it s slowly but surely working out i m up another just today on my shipping all in overall up roughly some updates cmbt got a price target pareto added cmbt to their portfolio strait of hormuz is still blocked and the conflict is escalating strait of hormuz disruptions implications for global trade and development un trade and development unctad the supplies on the stuck ships are starting to get tight meaning if they get abandoned as the crew is rescued they will remain there for a long time what we know about trump s project freedom in strait of hormuz remember do your research before you buy anything i m just posting updates on my own yolo into shipping,0.5499,positive
2026-05-04 14:42:24+00:00,"All in on OPRA baby. OPAY IPO gonna hit the stock price soon. Read my DD for details.

https://preview.redd.it/6c5itmjku4zg1.png?width=1038&format=png&auto=webp&s=469e8e43c5d07f77c9b2353a147b522d929fc342

  
",all in on opra baby opay ipo gonna hit the stock price soon read my dd for details,0.0,neutral
2026-05-04 14:38:48+00:00,,nan,0.0,neutral
2026-05-04 11:01:48+00:00,This post contains content not supported on old Reddit. [Click here to view the full post](https://sh.reddit.com/r/wallstreetbets/comments/1t3edk8),this post contains content not supported on old reddit click here to view the full post,-0.2411,negative
2026-05-04 10:19:13+00:00,,nan,0.0,neutral
2026-05-04 06:52:29+00:00,"Line still needs to go up more to match the 100,000% NVDA gain.

I changed platforms so I hope the screenshots aren't confusing.",line still needs to go up more to match the nvda gain i changed platforms so i hope the screenshots aren t confusing,0.7384,positive
2026-05-04 06:31:48+00:00,Need a time machine so i can tell myself not to be a paper handed bitch ,need a time machine so i can tell myself not to be a paper handed bitch,-0.5859,negative
2026-05-04 03:19:11+00:00,,nan,0.0,neutral
2026-05-04 02:57:41+00:00,"I have been trading for about 9 yrs as a part time thing and INTC has been incredible.

Almost 11,000% in under a year lol

INTC Dec 12, 2026 $70 calls purchased July 16, 2025. 

I started with 100 contracts but have scaled out since Fall 2025 - sold 9 this week.

I’ll hold these through the Fall.",i have been trading for about yrs as a part time thing and intc has been incredible almost in under a year lol intc dec calls purchased july i started with contracts but have scaled out since fall sold this week i ll hold these through the fall,0.2263,positive
2026-05-03 23:32:22+00:00,"A win is a win.. But missed out on 25k? I jumped into SNDK, and holding on AMD leap for '27",a win is a win but missed out on k i jumped into sndk and holding on amd leap for,0.25,positive
2026-05-03 21:12:38+00:00,,nan,0.0,neutral
2026-05-03 20:55:34+00:00,Thought I was doing good at 2500% gain. ,thought i was doing good at gain,0.743,positive
2026-05-03 19:57:12+00:00,This post contains content not supported on old Reddit. [Click here to view the full post](https://sh.reddit.com/r/wallstreetbets/comments/1t2vr3z),this post contains content not supported on old reddit click here to view the full post,-0.2411,negative
2026-05-03 18:47:00+00:00,"I am all IN  
SOUN 700 contracts 10.5 strike 05/08",i am all in soun contracts strike,-0.128,negative
2026-05-03 16:55:59+00:00,,nan,0.0,neutral
2026-05-03 16:34:17+00:00,"Everyone called GPU bulls idiots in 2022. NVDA went from $150 to $950. Those idiots bought boats.  
Then memory. Turns out every AI forward pass is basically a memory bandwidth problem with a GPU stapled to it. MU ran, SK Hynix became the most important company on earth and muricans still can’t spell it. Then it was powers turn. VST CEG NRG went stupid because someone finally asked what the fuck these data centers actually plug into. Then it was onto cooling. Then helium of all things, because chip fabs need it at every advanced node and Qatar just got blown up.

Every single time: one guy figures out the constraint, buys early, posts gains, everyone else piles in six months late.  
every layer of this AI money machine has been discovered and front-run at this point,except the data layer, where RDDT is the biggest swinging dick. The human-generated, unfiltered, sometimes-completely-unhinged signal that makes these models not completely brain-dead. You cannot fake this stuff synthetically without the model quality going to shit.   
You’re literally generating it right now by reading this.

“okay dumbass what about YouTube and Wikipedia” you ask? YouTube transcripts are garbage-in garbage-out. Wikipedia is a curated encyclopedia written by cautious virgins, useful but static and thin. Reddit generates Wikipedia’s entire catalogue every single month. Steve Huffman said it himself in the earnings call last Thursday. And it’s not just volume, it’s the structure. Actual threaded debate with domain experts in niche subs saying things they’d never put on a resume. Upvotes naturally filtering signal from noise. That’s exactly what frontier model training needs and you can’t replicate it anywhere else.

So why hasn’t the market figured this out?Because there’s no physical bottleneck to photograph. You can’t show someone an empty helium tank or a GPU waitlist. So Wall Street just models Reddit as a mid ad-tech company with a weird side hustle and moves on.  
Early Google licensing deals got signed before anyone understood what this data was worth. Those renewals are coming. Reddit is also actively suing Anthropic and Perplexity for scraping without paying. If they win or settle favorably, it doesn’t just help Reddit, it sets legal precedent that reprices training data across the entire industry.  
The frontier labs are data-constrained now, not compute-constrained. Altman has basically said it out loud. Reddit generates exactly what they need, every day, forever.  
Every bottleneck had its moment, datas next and there’s only one pure play. 

Position: 5000 shares ",everyone called gpu bulls idiots in nvda went from to those idiots bought boats then memory turns out every ai forward pass is basically a memory bandwidth problem with a gpu stapled to it mu ran sk hynix became the most important company on earth and muricans still can t spell it then it was powers turn vst ceg nrg went stupid because someone finally asked what the fuck these data centers actually plug into then it was onto cooling then helium of all things because chip fabs need it at every advanced node and qatar just got blown up every single time one guy figures out the constraint buys early posts gains everyone else piles in six months late every layer of this ai money machine has been discovered and front run at this point except the data layer where rddt is the biggest swinging dick the human generated unfiltered sometimes completely unhinged signal that makes these models not completely brain dead you cannot fake this stuff synthetically without the model quality going to shit you re literally generating it right now by reading this okay dumbass what about youtube and wikipedia you ask youtube transcripts are garbage in garbage out wikipedia is a curated encyclopedia written by cautious virgins useful but static and thin reddit generates wikipedia s entire catalogue every single month steve huffman said it himself in the earnings call last thursday and it s not just volume it s the structure actual threaded debate with domain experts in niche subs saying things they d never put on a resume upvotes naturally filtering signal from noise that s exactly what frontier model training needs and you can t replicate it anywhere else so why hasn t the market figured this out because there s no physical bottleneck to photograph you can t show someone an empty helium tank or a gpu waitlist so wall street just models reddit as a mid ad tech company with a weird side hustle and moves on early google licensing deals got signed before anyone understood what this data was worth those renewals are coming reddit is also actively suing anthropic and perplexity for scraping without paying if they win or settle favorably it doesn t just help reddit it sets legal precedent that reprices training data across the entire industry the frontier labs are data constrained now not compute constrained altman has basically said it out loud reddit generates exactly what they need every day forever every bottleneck had its moment datas next and there s only one pure play position shares,0.9064,positive
2026-05-03 15:56:21+00:00,Usually like the greats of this Reddit I’m usually in the Red. With the power of vibes and Intel I was able to beat my personal record of -$200 a month to $6k. I will be doing seminars in a town near you next month on how I lost it all again this week on micron. ,usually like the greats of this reddit i m usually in the red with the power of vibes and intel i was able to beat my personal record of a month to k i will be doing seminars in a town near you next month on how i lost it all again this week on micron,0.0516,positive
2026-05-03 01:27:29+00:00,,nan,0.0,neutral
2026-05-03 00:13:47+00:00,"I felt called out when I was in the audience during the Q&A and he shamed options traders. No exaggeration, during the conference saw multiple attendees check their Robinhood with options on your phones. (The market's not even open today) For those options on BRKB- Bought them last year on a selloff and sold for a nice profit.",i felt called out when i was in the audience during the q a and he shamed options traders no exaggeration during the conference saw multiple attendees check their robinhood with options on your phones the market s not even open today for those options on brkb bought them last year on a selloff and sold for a nice profit,-0.0258,neutral
2026-05-02 21:54:49+00:00,,nan,0.0,neutral
2026-05-02 19:04:36+00:00,,nan,0.0,neutral
2026-05-02 16:10:12+00:00,,nan,0.0,neutral
2026-05-02 09:43:51+00:00,Who IPO’d Steve Madden? ,who ipo d steve madden,0.0,neutral
2026-05-02 08:33:33+00:00,"A coworker showed me he was up $260 over a month of investing on Robinhood, so I decided to give it a try. Deposited $525 into a margin account. My wife was two months pregnant. 

After seven months building it over 50k, and an SNDK $550 2/27 c sold for profit while wife was sleeping in the hospital bed, I built the account up to $89,000. 

My daughter was born 3 months ago. Here you see my 3 month timeline. 

From that day, I have made incredibly horrible stupid plays, and burned it all the way back down. 

My biggest losses, screenshots attached, all were 100% revenge trades trying to chase trades that were barely wrong. 

MULTIPLE times I owned 25+ contracts of SPYX at 1.50, would sell them for 3.50 because the infant is needing more attention, only to realize that they ended the day worth 48.50.... but the times I don't sell and walk away it absolutely craters. Y'all know how it is. Casual fumble of 140,000 profit trade. 

Was holding SNDK 880c and was worried my position would be destroyed while I'm feeding the baby so I exit and it heads to 1100. 

Two Disclaimers:

This is not my retirement it all came from $500 and I did also withdraw $20,000 in march to start an Edward jones account for the kiddo. So if anything my 500 turned into 20,000 for her. (Even though I blame this as the reason I started revenge trading. Trying to make back that 20k instantly.)

Two weeks ago, I decided I hate Robinhood and took my last 7k into WeBull and bought puts on CAR before it fell so I'm up pretty big again. 

EDIT: I do NOT blame my child GEEZ lol y'all are wild right now. I was cocky cause I secured big gains off peanuts and was overconfident obviously. But now... my account was all of a sudden 20k less than usual. Revenge trade to make it back blindly on stocks and option strategies that I havent looked at the chart because I'm overconfident and ""I'll go back to my normal methods after I make this back on some quick SPX options"". blindly believing the war will end and spx will skyrocket, just time it. 

I know. Regarded. To the people asking why 126 left? Well that's how much my oracle call sold for. Down $24 on that one dang it! SNDU here i come!",a coworker showed me he was up over a month of investing on robinhood so i decided to give it a try deposited into a margin account my wife was two months pregnant after seven months building it over k and an sndk c sold for profit while wife was sleeping in the hospital bed i built the account up to my daughter was born months ago here you see my month timeline from that day i have made incredibly horrible stupid plays and burned it all the way back down my biggest losses screenshots attached all were revenge trades trying to chase trades that were barely wrong multiple times i owned contracts of spyx at would sell them for because the infant is needing more attention only to realize that they ended the day worth but the times i don t sell and walk away it absolutely craters y all know how it is casual fumble of profit trade was holding sndk c and was worried my position would be destroyed while i m feeding the baby so i exit and it heads to two disclaimers this is not my retirement it all came from and i did also withdraw in march to start an edward jones account for the kiddo so if anything my turned into for her even though i blame this as the reason i started revenge trading trying to make back that k instantly two weeks ago i decided i hate robinhood and took my last k into webull and bought puts on car before it fell so i m up pretty big again edit i do not blame my child geez lol y all are wild right now i was cocky cause i secured big gains off peanuts and was overconfident obviously but now my account was all of a sudden k less than usual revenge trade to make it back blindly on stocks and option strategies that i havent looked at the chart because i m overconfident and i ll go back to my normal methods after i make this back on some quick spx options blindly believing the war will end and spx will skyrocket just time it i know regarded to the people asking why left well that s how much my oracle call sold for down on that one dang it sndu here i come,-0.9555,negative
2026-05-02 06:49:43+00:00,"Literally bankrolled my Retirement. From 17k NVDA —> 117k around 2023, put all 117k on PLTR and ended with this. Now all slow rolling in indexes ",literally bankrolled my retirement from k nvda k around put all k on pltr and ended with this now all slow rolling in indexes,0.0,neutral
2026-05-02 06:18:30+00:00,"It's Over Over :

Spirit Aviation Holdings, Inc., parent company of Spirit Airlines, LLC (“Spirit” or the “Company”), today regretfully announced that the Company has started an orderly winddown of operations, effective immediately. All Spirit flights have been cancelled, and Spirit Guests should not go to the airport.





No last minute deal to save the company. Rip to those who jumped on the last dead cat bounce this afternoon.",it s over over spirit aviation holdings inc parent company of spirit airlines llc spirit or the company today regretfully announced that the company has started an orderly winddown of operations effective immediately all spirit flights have been cancelled and spirit guests should not go to the airport no last minute deal to save the company rip to those who jumped on the last dead cat bounce this afternoon,0.1027,positive
2026-05-02 05:24:24+00:00,,nan,0.0,neutral
2026-05-01 22:59:15+00:00,"Been holding some of these since around June of last year. Pretty much knew Intel was always going to be a national security thing, but once the corrupt billionaires got involved, it was obvious.",been holding some of these since around june of last year pretty much knew intel was always going to be a national security thing but once the corrupt billionaires got involved it was obvious,0.4215,positive
2026-05-01 22:17:07+00:00,,nan,0.0,neutral
2026-05-01 20:27:11+00:00,"Everyone is wondering what this 20% run-up in QQQ is about with the price of oil and geopolitical uncertainty. Here is the answer: I'm short. The minute I close for a loss, it will reverse, so be grateful. ",everyone is wondering what this run up in qqq is about with the price of oil and geopolitical uncertainty here is the answer i m short the minute i close for a loss it will reverse so be grateful,-0.1082,negative
2026-05-01 20:09:21+00:00,,nan,0.0,neutral
2026-05-01 20:00:54+00:00,,nan,0.0,neutral
2026-05-01 19:45:54+00:00,,nan,0.0,neutral
2026-05-01 19:36:18+00:00,,nan,0.0,neutral
2026-05-01 19:25:30+00:00,,nan,0.0,neutral
2026-05-01 19:22:25+00:00,"Never bet against Nana

I bought 100 shares in April 2025 and thought we might be nearing the end of the upswing. I figured Intel would temper expectations on the earnings call. Incorrect. How do you guys get the frog and belt emojis? And the laughing saddam Hussein? ",never bet against nana i bought shares in april and thought we might be nearing the end of the upswing i figured intel would temper expectations on the earnings call incorrect how do you guys get the frog and belt emojis and the laughing saddam hussein,0.3818,positive
2026-05-01 17:29:18+00:00,,nan,0.0,neutral
2026-05-01 15:58:37+00:00,"All the catalysts for TSLA to go to the Moon 🌕 

Robotaxi  
HW4+  
AI5 and AI6 chips on the way  
Optimums  
SpaceX IPO (Tesla has a stake in it)  
Semi truck mass production started  
Roaster…

Maybe not roadster until 2027 😭 but rest are near term.   
Aiming for it to be next Intel. 

Got no grandma 👵 but will keep buying from may pay chq every month. ",all the catalysts for tsla to go to the moon robotaxi hw ai and ai chips on the way optimums spacex ipo tesla has a stake in it semi truck mass production started roaster maybe not roadster until but rest are near term aiming for it to be next intel got no grandma but will keep buying from may pay chq every month,-0.5267,negative
2026-05-01 15:16:01+00:00,"Spirit Airlines preparing to shut down after the deal with the Trump admin has fallen apart. Spirit’s bondholders were not on board with the plan.

  
Rip FLYYQ",spirit airlines preparing to shut down after the deal with the trump admin has fallen apart spirit s bondholders were not on board with the plan rip flyyq,-0.0258,neutral
2026-05-01 13:02:06+00:00,"Went all in on AMD last year, got chopped up trying to catch the knife in March, then went full degen margin to buy TQQQ at 40. Had too much excess margin last week and rode AMDL from 22 to 31 with it.",went all in on amd last year got chopped up trying to catch the knife in march then went full degen margin to buy tqqq at had too much excess margin last week and rode amdl from to with it,0.0,neutral
2026-05-01 11:37:58+00:00,"It includes GOOGL, MSFT, AMZN, NVDA, TSLA and a startup, Reflection AI",it includes googl msft amzn nvda tsla and a startup reflection ai,0.0,neutral
2026-05-01 11:02:22+00:00,This post contains content not supported on old Reddit. [Click here to view the full post](https://sh.reddit.com/r/wallstreetbets/comments/1t0q70g),this post contains content not supported on old reddit click here to view the full post,-0.2411,negative
2026-05-01 07:42:32+00:00,So I gambled on losses after being burned. Washing my hands while I take a break.,so i gambled on losses after being burned washing my hands while i take a break,-0.4522,negative
2026-05-01 00:30:29+00:00,"Source: [https://www.investing.com/news/earnings/sandisk-q3-revenue-surges-251-crushes-wall-street-targets-on-datacenter-growth-4651278](https://www.investing.com/news/earnings/sandisk-q3-revenue-surges-251-crushes-wall-street-targets-on-datacenter-growth-4651278)

Sandisk on Thursday reported 251% jump in its third quarter revenue that sailed past Wall Street expectations helped by strong demand for datacenter offerings and higher prices.

The company said its third quarter revenue was $5.95 billion, jumping 251% from the year-ago quarter. It also sailed past analyst estimates of $4.73 billion.

“This quarter marks a fundamental inflection point for Sandisk — where our technology leadership is enabling a deliberate shift in our mix toward the highest-value end markets, led by Datacenter,” said David Goeckeler, CEO of Sandisk.

SanDisk also reported adjusted earnings per share of $23.41, $8.75 better than the analyst estimate of $14.66.

Goeckeler noted that SanDisk is advancing to a new business model built on multi-year customer engagements backed by firm financial commitments. 

AI-driven supply shortages have allowed memory and storage makers to raise prices. Melius analyst Ben Reitzes earlier noted that companies like SanDisk might adopt subscription models for customers with multiyear commitments—potentially doubling or tripling their valuation multiples. He added that growing demand for agentic and physical AI would further boost the sector.

Wall Street has grown increasingly bullish on SanDisk in recent weeks, citing tight NAND supply, strong AI infrastructure demand for memory. Investors are looking at SanDisk’s enterprise solid-state drive business, which analysts say is poised for share gains. The upcoming ramp of BiCS8-based QLC enterprise SSDs is expected to reinforce SanDisk’s data center bit growth, average selling price tailwinds and margin expansion.

The company said it expects fourth quarter revenue to be in the range of $7.75 billion to $8.25 billion, with expected Non-GAAP diluted net income per share to be in the range of $30.00 to $33.00.

https://preview.redd.it/xsdv57268fyg1.png?width=1000&format=png&auto=webp&s=2198a48b9f3542e72b92b1dd432ca50f43baed9f

",source sandisk on thursday reported jump in its third quarter revenue that sailed past wall street expectations helped by strong demand for datacenter offerings and higher prices the company said its third quarter revenue was billion jumping from the year ago quarter it also sailed past analyst estimates of billion this quarter marks a fundamental inflection point for sandisk where our technology leadership is enabling a deliberate shift in our mix toward the highest value end markets led by datacenter said david goeckeler ceo of sandisk sandisk also reported adjusted earnings per share of better than the analyst estimate of goeckeler noted that sandisk is advancing to a new business model built on multi year customer engagements backed by firm financial commitments ai driven supply shortages have allowed memory and storage makers to raise prices melius analyst ben reitzes earlier noted that companies like sandisk might adopt subscription models for customers with multiyear commitments potentially doubling or tripling their valuation multiples he added that growing demand for agentic and physical ai would further boost the sector wall street has grown increasingly bullish on sandisk in recent weeks citing tight nand supply strong ai infrastructure demand for memory investors are looking at sandisk s enterprise solid state drive business which analysts say is poised for share gains the upcoming ramp of bics based qlc enterprise ssds is expected to reinforce sandisk s data center bit growth average selling price tailwinds and margin expansion the company said it expects fourth quarter revenue to be in the range of billion to billion with expected non gaap diluted net income per share to be in the range of to,0.9823,positive
2026-04-30 23:28:56+00:00,"Took a $25k personal loan with my bank on 4/20 because yolo and paid it back today. Paid $68 bucks in interest over the 10 days. Money printer go burr

crazy what $50k buying power gets ya. coulda had more if i didn’t paper hand the NVDA $245 call when it was trading at $206/share",took a k personal loan with my bank on because yolo and paid it back today paid bucks in interest over the days money printer go burr crazy what k buying power gets ya coulda had more if i didn t paper hand the nvda call when it was trading at share,0.7964,positive
2026-04-30 22:08:09+00:00,,nan,0.0,neutral
2026-04-30 20:31:47+00:00,,nan,0.0,neutral
2026-04-30 20:30:44+00:00,,nan,0.0,neutral
2026-04-30 20:23:59+00:00,,nan,0.0,neutral
2026-04-30 19:57:09+00:00,This post contains content not supported on old Reddit. [Click here to view the full post](https://sh.reddit.com/r/wallstreetbets/comments/1t074x6),this post contains content not supported on old reddit click here to view the full post,-0.2411,negative
2026-04-30 18:49:18+00:00,"Ladies and gentlemen, what you are about to read is either one of the most legendary trades in the entire history of r/wallstreebets, or a trade that is going to lose you money (this is probably the correct option).

**Key facts** that led me to this decision:

* Current P/E: **8.80**.
* **Debt**: **negligible**.
* Margins and returns: all **positive**.

The price of $VITL has fallen by about 76% from its recent all-time highs due to the outbreak of avian flu in the US, but now that the situation has been brought under control, **egg prices have dropped by 97% from their recent highs**.

[Source: Trading Economics, as of April 30, 2026](https://preview.redd.it/kz2gr09iadyg1.png?width=1231&format=png&auto=webp&s=65eb7d4bf2ad091fa13c361508f98300149666c6)

To be honest, I don't know how much lower egg prices can go, and $VITL is a premium brand, but my Wall Street predator instinct tells me that even Warren Buffett thinks it's undervalued, given that **oil prices are through the roof** and **inflation keeps rising**.

Looking at the chart, and without wanting to brag about my 19-year-old handwriting, I’d say a **consolidation** is taking shape that will reverse the trend of recent months, because obviously American millionaires aren’t going to stop buying **premium eggs** no matter how much inflation rises, right?

[Annual chart](https://preview.redd.it/me1hgtbdcdyg1.png?width=1467&format=png&auto=webp&s=ecfd1a0ad4fcb6913bb9652d5f7043d27f39734e)

I think the shorts have had their fun here, and I'd say it's time for the bulls to stop messing around with chips, AI and all that nonsense and really step up to the plate.

Leaders and farmers in several European countries are already talking about food rationing because the fertilizer shortage is making it difficult to cultivate the land, a situation that was also reported a few days ago in the US, where it was announced that “**70% of US farmers say they can't afford the fertilizer they need for this year's growing season**” (according to Forbes).

In fact, on April 22, 2026, **Palantir** reached an agreement with the USDA to “**safeguard the food supply**,” and I'd say they made this decision knowing full well that there would be a shortage.

My only concern here is that chickens need to eat in order to lay eggs, but anyway, I'd say that the shortage will once again **make eggs worth their weight in gold**.

For heaven's sake, check out that **chicken gang** and the slogan on their own website: “**keeping it bullsh\*t free**”... not even the Peaky Blinders pose that well.

[$VITL webite](https://preview.redd.it/u024ag6qidyg1.png?width=1540&format=png&auto=webp&s=427eb21e429abcf62c4e4fdaa961644b80d6a454)

Wish me luck, regards:

https://preview.redd.it/wrxr6yylidyg1.png?width=547&format=png&auto=webp&s=7bc860c4caa3f0705ab353f114be15f25851bca1",ladies and gentlemen what you are about to read is either one of the most legendary trades in the entire history of r wallstreebets or a trade that is going to lose you money this is probably the correct option key facts that led me to this decision current p e debt negligible margins and returns all positive the price of vitl has fallen by about from its recent all time highs due to the outbreak of avian flu in the us but now that the situation has been brought under control egg prices have dropped by from their recent highs source trading economics as of april to be honest i don t know how much lower egg prices can go and vitl is a premium brand but my wall street predator instinct tells me that even warren buffett thinks it s undervalued given that oil prices are through the roof and inflation keeps rising looking at the chart and without wanting to brag about my year old handwriting i d say a consolidation is taking shape that will reverse the trend of recent months because obviously american millionaires aren t going to stop buying premium eggs no matter how much inflation rises right annual chart i think the shorts have had their fun here and i d say it s time for the bulls to stop messing around with chips ai and all that nonsense and really step up to the plate leaders and farmers in several european countries are already talking about food rationing because the fertilizer shortage is making it difficult to cultivate the land a situation that was also reported a few days ago in the us where it was announced that of us farmers say they can t afford the fertilizer they need for this year s growing season according to forbes in fact on april palantir reached an agreement with the usda to safeguard the food supply and i d say they made this decision knowing full well that there would be a shortage my only concern here is that chickens need to eat in order to lay eggs but anyway i d say that the shortage will once again make eggs worth their weight in gold for heaven s sake check out that chicken gang and the slogan on their own website keeping it bullsh t free not even the peaky blinders pose that well vitl webite wish me luck regards,0.9593,positive
2026-04-30 16:54:49+00:00,Went all in on GOOGL about a year ago. I sold 1 of my original LEAPs a few months ago. Planning to hold all the rest and exercise at expiry.,went all in on googl about a year ago i sold of my original leaps a few months ago planning to hold all the rest and exercise at expiry,0.3182,positive
2026-04-30 16:20:20+00:00,Getting it cheaper than Ackman 🫡,getting it cheaper than ackman,0.0,neutral
2026-04-30 15:44:13+00:00,"Shorting 2000 shares of INTC at 75

Overly confident thinking Nana is just a joke, aint no way earning affect this dinosaur ticker

BLEEDING THROUGH MY butthole(s) in 4k across accounts

Sorrry Nana

u r not the joke

I am🤡",shorting shares of intc at overly confident thinking nana is just a joke aint no way earning affect this dinosaur ticker bleeding through my butthole s in k across accounts sorrry nana u r not the joke i am,0.8654,positive
2026-04-30 14:46:29+00:00,**Wall Street doesn't welcome the poor so this little bit of money is nothing!!!!**,wall street doesn t welcome the poor so this little bit of money is nothing,-0.0258,neutral
2026-04-30 13:17:51+00:00,"https://preview.redd.it/e6s3v6adtbyg1.png?width=1445&format=png&auto=webp&s=5e66ed874e5e147043fb4b90853bbbc5d7077c10

To the regards wondering where this thing is headed - $400.

When momentum is so 1 sided, usually you continue the momentum for many months i.e. it does not get over in 1 month.

Even with this momentum P/S is only 8, whereas NVDA P/S is 24.

Ignore the P/E cause it had EPS of $5 just in 2019, so if you ignore the temporary losses this thing is still easily a P/E of 20 which is not at all regarded.

Its not at all over valued, its just doubled in 1 month that is why it feels over bought.

Meanwhile SNDK has 20x in 8 months.

If you want to play it safe, buy 100 qty stock and buy 1 $90 put expiring Jun. That way you lose max 15% but upside 300% potential.

PS: Buy buy buy you retards, I will tell you when to sell. This is not financial advice, this is retard advice.",to the regards wondering where this thing is headed when momentum is so sided usually you continue the momentum for many months i e it does not get over in month even with this momentum p s is only whereas nvda p s is ignore the p e cause it had eps of just in so if you ignore the temporary losses this thing is still easily a p e of which is not at all regarded its not at all over valued its just doubled in month that is why it feels over bought meanwhile sndk has x in months if you want to play it safe buy qty stock and buy put expiring jun that way you lose max but upside potential ps buy buy buy you retards i will tell you when to sell this is not financial advice this is retard advice,-0.6542,negative
2026-04-30 11:27:56+00:00,,nan,0.0,neutral
2026-04-30 11:00:50+00:00,This post contains content not supported on old Reddit. [Click here to view the full post](https://sh.reddit.com/r/wallstreetbets/comments/1szssng),this post contains content not supported on old reddit click here to view the full post,-0.2411,negative
2026-04-30 10:26:53+00:00,"Bought a 1,000 barrel June Brent futures contract on April 17th when the Straits un-re-opened.

Took a screenshot and went to bed last night at 11:38.  Price was $121.45

Wife woke me up at 12:22 with a particularly loud fart.  Saw $126 price.  Smashed the sell button.

Went back to sleep. Hell yeah.

BFLO-Retail",bought a barrel june brent futures contract on april th when the straits un re opened took a screenshot and went to bed last night at price was wife woke me up at with a particularly loud fart saw price smashed the sell button went back to sleep hell yeah bflo retail,-0.5267,negative
2026-04-30 00:38:50+00:00,"I want to take just a minute to shout out GOOG/L - thank you for the down payment, truck, and enjoy your old age as we approach 4000 days.

I'll meet new stocks as time goes on, but you'll always be special.  I wish I had held more of you.  ",i want to take just a minute to shout out goog l thank you for the down payment truck and enjoy your old age as we approach days i ll meet new stocks as time goes on but you ll always be special i wish i had held more of you,0.8779,positive
2026-04-30 00:38:13+00:00,\_\_\_\_ is wonderful for stocks 😃,is wonderful for stocks,0.5719,positive
2026-04-30 00:10:05+00:00,"at least until my calls expire worthless, then it’s new ATHs!",at least until my calls expire worthless then it s new aths,-0.4404,negative
2026-04-29 23:10:51+00:00,"I lost half my money holding NVDA (Sold it right b4 the AI pump) and TSLA. After finally selling TSLA at a loss, I made all my money back with AMD and then made massive gainzzz with Memory KING MU. 🇺🇸 🇺🇸 

MORAL OF THE STORY: MU 1000 EOY",i lost half my money holding nvda sold it right b the ai pump and tsla after finally selling tsla at a loss i made all my money back with amd and then made massive gainzzz with memory king mu moral of the story mu eoy,-0.5574,negative
2026-04-29 21:51:51+00:00,"Post from earlier today: 

https://www.reddit.com/r/wallstreetbets/s/1d47ZtbT6V 

To everyone who thought a magical diplomatic off-ramp was going to drag the front end of the curve down to meet the deferred months: I hope you enjoyed the delusion while it lasted.

Take a look at the prints today. The market is finally waking up to the structural deficit I outlined previously, and the institutional capitulation is happening violently, right on schedule.

Jun '26 Contract: Ripped to $122.15, up a massive +10.89 (+9.79%) in a single session.

Jul '26 Contract: Trailing right behind at $113.44, up +9.04 (+8.66%).

The paper traders are officially in panic mode. That nearly $9 spread between just the June and July contracts tells you everything you need to know about the physical market right now. 

The ""convenience yield"" is going parabolic because refiners are absolutely desperate for immediate delivery, and the barrels simply \*do not exist\* as long as Hormuz remains bottlenecked.

When I said my strategy was ""Unhedged Torque,"" this is exactly the macro dislocation I was positioned for. If you think a levered portfolio heavily weighted in offshore drillers (VAL, SDRL, NE) and mid-cap E&Ps was printing free cash flow at $90 oil, imagine the cash generation happening at $122. The day rates for drillships aren't just expanding anymore; they are entering a super-cycle.

The most beautiful part of this? The back end of the curve \*still\* hasn't fully re-rated to reflect a multi-year supply constraint. The market is still hoping this ends by Q4. It won't.

For those who refused to accept reality and didn't take advantage of the selloff early this month, enjoy the sidelines. For those riding the unhedged oil wave, the geopolitical risk premium is finally being priced in, and the torque is spectacular.",post from earlier today to everyone who thought a magical diplomatic off ramp was going to drag the front end of the curve down to meet the deferred months i hope you enjoyed the delusion while it lasted take a look at the prints today the market is finally waking up to the structural deficit i outlined previously and the institutional capitulation is happening violently right on schedule jun contract ripped to up a massive in a single session jul contract trailing right behind at up the paper traders are officially in panic mode that nearly spread between just the june and july contracts tells you everything you need to know about the physical market right now the convenience yield is going parabolic because refiners are absolutely desperate for immediate delivery and the barrels simply do not exist as long as hormuz remains bottlenecked when i said my strategy was unhedged torque this is exactly the macro dislocation i was positioned for if you think a levered portfolio heavily weighted in offshore drillers val sdrl ne and mid cap e ps was printing free cash flow at oil imagine the cash generation happening at the day rates for drillships aren t just expanding anymore they are entering a super cycle the most beautiful part of this the back end of the curve still hasn t fully re rated to reflect a multi year supply constraint the market is still hoping this ends by q it won t for those who refused to accept reality and didn t take advantage of the selloff early this month enjoy the sidelines for those riding the unhedged oil wave the geopolitical risk premium is finally being priced in and the torque is spectacular,0.936,positive
2026-04-29 20:59:44+00:00,,nan,0.0,neutral
2026-04-29 20:22:03+00:00,"“The things that have happened really in the last three months have, I think, left me no choice but to stay until I see them through at least that long,” Powell said. 

Long live Papa Powell! ",the things that have happened really in the last three months have i think left me no choice but to stay until i see them through at least that long powell said long live papa powell,-0.1531,negative
2026-04-29 20:09:47+00:00,,nan,0.0,neutral
2026-04-29 20:03:38+00:00,"Jerome Powell is stepping down as Chair of the Federal Reserve. Here is a look at his impact while holding his position:

\-Guided the U.S. economy through the COVID 19 crisis by cutting interest rates to near zero and launching massive emergency lending programs to stabilize financial markets and avoid a deeper collapse

\-Oversaw unprecedented monetary stimulus, expanding the Fed’s balance sheet through quantitative easing to support jobs and economic recovery

\-Shifted to a more flexible inflation framework in 2020, introducing “average inflation targeting” to allow inflation to run moderately above 2 percent in support of stronger labor markets

\-Managed the transition from low inflation to high inflation, later raising interest rates at the fastest pace in decades to bring rising prices under control

\-Maintained a relatively strong labor market even during aggressive rate hikes, with unemployment staying low despite tighter policy

\-Strengthened financial system resilience by continuing post 2008 reforms and rigorous bank stress testing, helping the system withstand shocks like the 2023 regional bank failures

\-Improved transparency and communication, making Fed policy more accessible through regular press conferences and clearer messaging

\-Responded quickly to 2023 banking sector stress by providing liquidity and acting to prevent broader financial contagion

\-Maintained the political independence of the Federal Reserve despite pressure from both parties

\-Navigated trade tensions, a global pandemic, inflation surges, and banking instability, making his tenure one of the most eventful in modern Fed history

Whatever your view of his policies, Jerome Powell leaves behind a legacy defined by steady leadership through extraordinary economic turbulence and some of the most consequential decisions in modern central banking.",jerome powell is stepping down as chair of the federal reserve here is a look at his impact while holding his position guided the u s economy through the covid crisis by cutting interest rates to near zero and launching massive emergency lending programs to stabilize financial markets and avoid a deeper collapse oversaw unprecedented monetary stimulus expanding the fed s balance sheet through quantitative easing to support jobs and economic recovery shifted to a more flexible inflation framework in introducing average inflation targeting to allow inflation to run moderately above percent in support of stronger labor markets managed the transition from low inflation to high inflation later raising interest rates at the fastest pace in decades to bring rising prices under control maintained a relatively strong labor market even during aggressive rate hikes with unemployment staying low despite tighter policy strengthened financial system resilience by continuing post reforms and rigorous bank stress testing helping the system withstand shocks like the regional bank failures improved transparency and communication making fed policy more accessible through regular press conferences and clearer messaging responded quickly to banking sector stress by providing liquidity and acting to prevent broader financial contagion maintained the political independence of the federal reserve despite pressure from both parties navigated trade tensions a global pandemic inflation surges and banking instability making his tenure one of the most eventful in modern fed history whatever your view of his policies jerome powell leaves behind a legacy defined by steady leadership through extraordinary economic turbulence and some of the most consequential decisions in modern central banking,-0.7751,negative
2026-04-29 19:57:12+00:00,This post contains content not supported on old Reddit. [Click here to view the full post](https://sh.reddit.com/r/wallstreetbets/comments/1sz9rof),this post contains content not supported on old reddit click here to view the full post,-0.2411,negative
2026-04-29 19:07:43+00:00,https://www.forbes.com/sites/tylerroush/2026/04/29/jerome-powell-vows-low-profile-while-staying-on-fed-board-after-chair-term-expires/,,0.0,neutral
2026-04-29 18:49:06+00:00,,nan,0.0,neutral
2026-04-29 18:27:45+00:00,,nan,0.0,neutral
2026-04-29 18:00:23+00:00,,nan,0.0,neutral
2026-04-29 16:37:48+00:00,"https://preview.redd.it/hipt9pxeq5yg1.png?width=950&format=png&auto=webp&s=e5e70468ba7051f550ae62b811d54d4f9acf35ff

most regarded company ever",most regarded company ever,0.0,neutral
2026-04-29 16:28:05+00:00,,nan,0.0,neutral
2026-04-29 14:56:49+00:00,Sometimes i cant sleep thinking about how much money that guy would have made by now. We all failed you Nana. ,sometimes i cant sleep thinking about how much money that guy would have made by now we all failed you nana,-0.5106,negative
2026-04-29 14:49:46+00:00,,nan,0.0,neutral
2026-04-29 13:54:18+00:00,,nan,0.0,neutral
2026-04-29 11:57:41+00:00,"These michael prompts , work well sometimes. (Chatgpt)

Last conference FOMC press conference as Federal reserve chairman. 

Thanks Mr. Jerome Powell.",these michael prompts work well sometimes chatgpt last conference fomc press conference as federal reserve chairman thanks mr jerome powell,0.6124,positive
2026-04-29 11:31:37+00:00,"Source: [https://finance.yahoo.com/markets/stocks/article/sofi-earnings-meet-expectations-while-its-tech-platform-struggles-110124682.html](https://finance.yahoo.com/markets/stocks/article/sofi-earnings-meet-expectations-while-its-tech-platform-struggles-110124682.html)

SoFi posted a solid quarter of growth on Wednesday, even as its banking-as-a-service platform struggles.

Adjusted net revenue for SoFi climbed 41% to a record $1.1 billion, exceeding analyst estimates for $1.05 billion, according to data compiled by Bloomberg.

“We had an excellent first quarter,” CEO Anthony Noto said in a statement, citing how the company added 1.1 million new members during the period, bringing its total user base up 35% to 14.7 million.

On a non-adjusted basis, profits for the San Francisco, Calif.-based fintech bank reached $167 million, or $0.12 per share, in line with what the Street expected. Adjusted EBITDA also beat analyst expectations, rising 62% year over year to $340 million.

SoFi’s stock fell 6% in premarket trading on Wednesday.

After reaching lofty highs last fall, SoFi’s stock has since faced some pressure. Shares have fallen 30% year to date as of Tuesday’s close.

Last year, the firm lost Chime (CHYM), a key client on its technology platform. And in March, activist short seller Muddy Waters disclosed a short position in SoFi’s stock, claiming the company used aggressive accounting and off-balance sheet structures to hide credit risk.

SoFi denied the allegations, expressing its intent to “explore potential legal action” and saying the short seller’s findings are “designed to deceive investors.”

Investors also worry that the fintech bank carries a high degree of consumer credit risk against a potential downturn in the labor market.

Like other financial services apps, SoFi is actively expanding its product and service offerings as the Trump administration is pushing to deregulate the financial services and banking industry. The company’s strategy caters to young, affluent professionals.

SoFi reported a net charge-off ratio of 2.07% in the first quarter, compared to 2.37% in the year-ago period. This percentage of loans the company has written off as uncollectible fell across all loan categories except student loans, which rose 18 basis points over the same period.

Proceeds from the company’s core lending offerings rose 55% from the year-ago quarter to $642 million. Its financial services segment, which includes SoFi’s investing platform and credit cards, climbed 41% to $429 million but missed expectations of $474 million.

More recently, SoFi has moved into the crypto world by rolling out crypto trading to customers and launching its own dollar-pegged stablecoin late last year.

Revenue of SoFi’s technology platform, where it sells banking-as-a-service and other infrastructure, fell 27% to $75 million. The firm cited the impact of a large client fully leaving its platform before the end of last year as a contributor to the decline, according to the report.

Chime shared plans to transition off SoFi’s platform early last year, according to the company’s S-1 filing. Earlier this year, Mizuho analyst Dan Dolev expressed the view that news of SoFi’s loss of Chime as a customer was a major source of its weak stock reaction, calling the concerns “overblown.”

https://preview.redd.it/t69r4xof84yg1.png?width=1571&format=png&auto=webp&s=42caf93c154f865d043b447369d2a236ef1ce2ee

",source sofi posted a solid quarter of growth on wednesday even as its banking as a service platform struggles adjusted net revenue for sofi climbed to a record billion exceeding analyst estimates for billion according to data compiled by bloomberg we had an excellent first quarter ceo anthony noto said in a statement citing how the company added million new members during the period bringing its total user base up to million on a non adjusted basis profits for the san francisco calif based fintech bank reached million or per share in line with what the street expected adjusted ebitda also beat analyst expectations rising year over year to million sofi s stock fell in premarket trading on wednesday after reaching lofty highs last fall sofi s stock has since faced some pressure shares have fallen year to date as of tuesday s close last year the firm lost chime chym a key client on its technology platform and in march activist short seller muddy waters disclosed a short position in sofi s stock claiming the company used aggressive accounting and off balance sheet structures to hide credit risk sofi denied the allegations expressing its intent to explore potential legal action and saying the short seller s findings are designed to deceive investors investors also worry that the fintech bank carries a high degree of consumer credit risk against a potential downturn in the labor market like other financial services apps sofi is actively expanding its product and service offerings as the trump administration is pushing to deregulate the financial services and banking industry the company s strategy caters to young affluent professionals sofi reported a net charge off ratio of in the first quarter compared to in the year ago period this percentage of loans the company has written off as uncollectible fell across all loan categories except student loans which rose basis points over the same period proceeds from the company s core lending offerings rose from the year ago quarter to million its financial services segment which includes sofi s investing platform and credit cards climbed to million but missed expectations of million more recently sofi has moved into the crypto world by rolling out crypto trading to customers and launching its own dollar pegged stablecoin late last year revenue of sofi s technology platform where it sells banking as a service and other infrastructure fell to million the firm cited the impact of a large client fully leaving its platform before the end of last year as a contributor to the decline according to the report chime shared plans to transition off sofi s platform early last year according to the company s s filing earlier this year mizuho analyst dan dolev expressed the view that news of sofi s loss of chime as a customer was a major source of its weak stock reaction calling the concerns overblown,-0.5423,negative
2026-04-29 11:00:41+00:00,This post contains content not supported on old Reddit. [Click here to view the full post](https://sh.reddit.com/r/wallstreetbets/comments/1syvgur),this post contains content not supported on old reddit click here to view the full post,-0.2411,negative
2026-04-29 05:10:24+00:00,,nan,0.0,neutral
2026-04-29 04:11:37+00:00,Ported,ported,0.0,neutral
2026-04-29 00:02:11+00:00,"Source: [https://finance.yahoo.com/sectors/technology/articles/seagate-forecasts-upbeat-quarter-ai-202242268.html](https://finance.yahoo.com/sectors/technology/articles/seagate-forecasts-upbeat-quarter-ai-202242268.html)

April 28 (Reuters) - Seagate Technology forecast fourth-quarter revenue and profit above Wall Street expectations ‌on Tuesday, betting on strong demand for ‌its data-storage hardware as enterprises ramp up adoption of artificial ​intelligence.

Shares of the company surged around 16% in extended trading, fueling a rise in rivals' stock. Western Digital jumped 11% and SanDisk rose 4%. Memory ‌chipmaker Micron Technology ⁠gained about 3.5%.

Enterprises rushing to incorporate AI to speed up processes and cut ⁠costs have also invested in storage to handle the vast amount of data required to create ​and run ​the latest models.

The ​surge in memory chip ‌prices has also boosted investor enthusiasm in the storage market, with Seagate's shares doubling in value so far this year after more than tripling in 2025.

Seagate forecast fourth-quarter revenue of $3.45 billion, plus ‌or minus $100 million, compared with ​estimates of $3.16 billion, according to ​data compiled by ​LSEG.

The company projected quarterly adjusted earnings ‌per share of $5, plus ​or minus 20 ​cents, while analysts were expecting $3.97.

Seagate reported third-quarter revenue of $3.11 billion, beating estimates of $2.96 billion.

It ​reported earnings per ‌share of $3.27, compared with $1.57 per share a ​year earlier.

—

For nerds: [https://www.businesswire.com/news/home/20260428855920/en/Seagate-Technology-Reports-Fiscal-Third-Quarter-2026-Financial-Results](https://www.businesswire.com/news/home/20260428855920/en/Seagate-Technology-Reports-Fiscal-Third-Quarter-2026-Financial-Results)

https://preview.redd.it/oloaiay764yg1.png?width=1582&format=png&auto=webp&s=6c532ad5b86f72e2dda6836b254914a6bb415900",source april reuters seagate technology forecast fourth quarter revenue and profit above wall street expectations on tuesday betting on strong demand for its data storage hardware as enterprises ramp up adoption of artificial intelligence shares of the company surged around in extended trading fueling a rise in rivals stock western digital jumped and sandisk rose memory chipmaker micron technology gained about enterprises rushing to incorporate ai to speed up processes and cut costs have also invested in storage to handle the vast amount of data required to create and run the latest models the surge in memory chip prices has also boosted investor enthusiasm in the storage market with seagate s shares doubling in value so far this year after more than tripling in seagate forecast fourth quarter revenue of billion plus or minus million compared with estimates of billion according to data compiled by lseg the company projected quarterly adjusted earnings per share of plus or minus cents while analysts were expecting seagate reported third quarter revenue of billion beating estimates of billion it reported earnings per share of compared with per share a year earlier for nerds,0.9726,positive
