title,score,body,timestamp,author
Blue Orgin “accidentally” deploys their competitors satellites into the wrong orbit,56,"You can’t make this shit up, out of the hundreds of payloads in this rideshare rocket, they manage to fuck up $ASTS satellites

Maybe $RKLB will be generous and launch their payload for them on their next electron mission, but this emphasizes the importance of end to end space business models, because now $ASTS has to wait 6 months for the next available slot on a rocket while $RKLB and SpaceX can launch whenever the fuck they want

Long $RKLB

[https://www.wsj.com/business/blue-origin-rocket-stumbles-on-first-commercial-mission-48999336?mod=e2tw](https://www.wsj.com/business/blue-origin-rocket-stumbles-on-first-commercial-mission-48999336?mod=e2tw)

Positions: $RKLB SHARES",2026-04-20 02:30:01,
Jensen’s Leather Jacket is the only thing keeping the US Economy from a 1929 Speedrun. Change my mind.,108,"# How I Learned to Stop Worrying and Love the Bubble

We’ve officially reached the ""God Protocol"" phase of the market. Every earnings call for every company, from Big Tech to my local Waffle House, is now just a CEO sweating profusely while screaming ""AI"" into a megaphone until the stock price ticks up 5%.

*Microsoft: ""We put AI in your Excel so it can judge your poor financial decisions in real-time."" (+4%)*

*Apple: ""Our AI is actually just Siri, but she sounds slightly less disappointed in you."" (+3%)*

*NVIDIA: Breathes. (+$200B Market Cap)*

# The Math (For those of you who can’t read)

The current market concentration is so top-heavy that if Jensen Huang trips on a loose cable at a keynote, the entire US GDP will probably default. We are trading at P/E ratios that require us to discover alien life and sell them ""Enterprise Cloud Solutions"" just to break even.

""It’s not a bubble if it’s made of silicon and dreams.""  Some guy on X with a laser-eye profile pic who is currently down 98% on ODTE puts.

**My High-Conviction Play;** 

I’m so leveraged on NVDA calls that if the stock drops 2%, my debt will become a sovereign nation.

The Strategy:

Buy the dip.

Buy the peak.

Sell your blood plasma to cover the margin call.

Pray that the AI overlords remember I was an early investor when they're deciding who to keep as ""biological pets.""

TL;DR: The market is a casino built on top of a volcano, and Jensen Huang is the pit boss. I’m betting the house on the volcano.

Disclaimer: This is not financial advice. I am a guy eating cold ramen in a dark room.",2026-04-20 02:14:04,
Straight of Hormuz smp prediction,215,,2026-04-20 01:26:43,
[$MSTR] I have deemed it necessary to take out a personal loan to buy more.,93,,2026-04-20 01:15:48,
Market hasn’t even opened yet,436,Rape meeeeeee!!! Rape meeeeeee!!,2026-04-20 00:41:23,
Upcoming Stock Market Drop Will Be Epic Fury,1011,"**Fundamental Analysis:**

Economic backdrop - 🥭 does not care about high oil prices or the midterms. He wants high oil prices and the strait closed so the USA can export oil to Europe and Asia. He does not care about the midterms because he is done with domestic policy after the 🅱️ig 🅱️eautiful 🅱️ill. Even without Congress, he can do whatever he wants with foreign policy.

Longer term outlook - This will be a short term crash in the secular bull market. A.I. is not a bubble; some of the companies suck and will die, but the buildout needs to happen to save the economy from demographic collapse.

**Technical Analysis:**

https://preview.redd.it/lz9azk64l8wg1.png?width=1841&format=png&auto=webp&s=927d6364e36d942cd042b4b25779484a1b5f6811

The rally has been on low declining volume, indicative of low conviction by big money. There are multiple points of bearish divergence on the RSI on the SPY weekly chart and multiple exhaustion gaps on the SPY daily chart. The lower trend line points to SPY 550 in July, SPY 560 in October, or SPY 575 in December. If SPY does not crash to the trend line, retesting the pre-liberation high at around 610 is likely.

**Meme Analysis:**

The fear and greed index reached 69.

https://preview.redd.it/2tnfpsi5l8wg1.jpg?width=1170&format=pjpg&auto=webp&s=1624d14b52bdefa84529486b73fcc6834c0189ed

**Motivation:**

I usually stick to shitposting, but this DD is for someone special.

[https://www.reddit.com/r/wallstreetbets/s/2xGO4T7i05](https://www.reddit.com/r/wallstreetbets/s/2xGO4T7i05)

[https://www.reddit.com/r/wallstreetbets/s/k1cgsNYGgw](https://www.reddit.com/r/wallstreetbets/s/k1cgsNYGgw)

**Position:**

https://preview.redd.it/yhar9iq7l8wg1.jpg?width=1170&format=pjpg&auto=webp&s=1901177dd5e6e03646bf38a8d18d6274f31761cf

**TLDR:**

The market is at or near a top. SPY is headed towards either 550 in July, 560 in October, 575 in December, or 610 sometime during the year if the trend line fails.",2026-04-20 00:11:27,
"What Are Your Moves Tomorrow, April 20, 2026",236,This post contains content not supported on old Reddit. [Click here to view the full post](https://sh.reddit.com/r/wallstreetbets/comments/1sq3bkt),2026-04-19 19:57:25,
I made my first M on friday.,502,,2026-04-19 19:53:29,
I’d like to but a large Wendys combo on Monday,88,,2026-04-19 18:40:04,
CNBC: Trump says talks between U.S. and Iran to resume in Pakistan on Monday,1612,Just in time before the futures open. -2% day cancelled for Monday?,2026-04-19 18:35:00,
ASTS BB7 Failed Launch PR,364,,2026-04-19 18:14:14,
"Google in talks with Marvell to build new AI chips for TPUs, aiming to rival Nvidia GPUs",710,"Source: https://money.usnews.com/investing/news/articles/2026-04-19/google-in-talks-with-marvell-to-build-new-ai-chips-for-inference-the-information-reports

Alphabet's Google ⁠is ⁠in talks with ⁠Marvell Technology to develop two new chips aimed at running AI models ‌more efficiently, The Information ‌reported on Sunday citing two ⁠people ⁠with knowledge of the discussions.

One of the chips is a memory processing unit designed to work with Google's tensor processing unit (TPU) and the other chip is a new ⁠TPU ⁠built specifically for running ⁠AI models, the report said.

Google has been pushing to make ⁠its TPUs a viable alternative to Nvidia's dominant GPUs. TPU sales have become a key driver of growth ⁠in Google's cloud revenue as it aims to show ⁠investors that its AI investments are generating returns.

Reuters could not immediately verify the report. Google and Marvell did not immediately respond to a request for a comment.

The companies aim to finalize the design of the ⁠memory processing unit as soon as next year before handing it off for test production, according to the report.",2026-04-19 16:14:32,
$7K off $287 on $650 call on QQQ,193,"Made 7k on Friday. Should have been more but got scared and had to take the profit lol. Win is a win! 

Was literally my first week of trading options and I got lucky and caught the momentum. 

Man I needed that!",2026-04-19 14:21:18,
Fact Sheet: President Donald J. Trump is Accelerating Medical Treatments for Serious Mental Illness,3490,"Psychedelics getting Trump sign off. Been holding Atai, Mindmed and Compass pathways for a while now (yes, they are up a lot but too small to post about). What goes up keeps going up when these assisted therapies are approved. ",2026-04-19 05:43:26,
HOOD YOLO,76,I am cooked. Thanks for listening to my Ted talk ❤️,2026-04-19 02:29:39,
MVST $125k YOLO,64,"Don't know where that DD went about an Oshkosh JV.

But the price action since March sure seems suspicious.

Got assigned puts for the shares, cost basis on those is $1.98. Those $2 calls aren't actually on margin, fidelity just handles settlement that way sometimes.

Target is $3, then cut loose the $2 calls for my $125k back and let the rest ride if October 2025 repeats and it runs to $5+ again.",2026-04-19 01:29:22,
I'm a Saylor Moon now,176,,2026-04-19 00:17:57,
Should I be haunted for life by 7 months of no income because I decided to be a WSB gambler?,598,"https://preview.redd.it/51qgxbivf1wg1.jpg?width=1080&format=pjpg&auto=webp&s=db7a5187d7a6f7fa220105d6bb7493796468cc71

I haven't been working, just placing trades while I play video games at home, everything was going well until this happened.

The whole family has been shitting on me, saying I could have went to work and made money. 7 months of my life gambling I get to keep around $400 and learn an important lesson. I would have rather have this happened now then later when I have $100,000 or more to blow, because seeing some of your guys post makes me wish I didn't have $100,000, I don't trust myself to have that kind of money 7 months ago.

I learned don't expect gambling to make your living, and that I'm not as lucky as I thought I was. that's it. and it took 7 months to find that out. And I was really thinking about going all in with the last $25,000 I have and also started out with to hopefully make everything back. but if I would have done that on Friday I would have lost all the money, I was just too exhausted to trade anymore and slept in.

the crazy thing is just 1 good trade and I can double the money and be back to where I was, but also I can lose the whole thing and that would haunt me for the rest of my life. I would watch the markets every single day, I don't feel good about myself and I don't know why I should.

",2026-04-19 00:11:19,
Which one of you regards want to come crabbing with me? Got 3 kayak left.,5833,Only regards are allow to come crabbing with me. Out here crabbing until the market opens on Monday. ,2026-04-18 22:43:20,
USO puts printed Friday… almost 10x returns,174,"Bought USO puts because I was hoping that oil would fall a couple of % as the ceasefire holds. Finished up work and took a short nap (I live in Dubai, so the market opens at 5:30pm). Woke up to the Iran announcement that the Strait is open, oil down 10% and this. 

Actually, my gains were TWICE this the moment the market opened. Got greedy and sat on it until market close… hoping gains will increase, bad decision. 

And BA was just a fluke. It fell 6% the day before, I was like “it’ll come back”. ",2026-04-18 20:42:40,
"Made $138,000 in 4 months selling NEBX Puts",200,"$139k made by embracing theta gang. Tried to tell those who would listen about the great premium values but only got lazy one liner quips or ""blah blah never play with leverage"" in response. (But seriously some of yall need to be more humble and more curious and less snarky) 

  
All this money was withdrawn from the port to go towards furnishing a new house and burgeoning the watch collection

  
Figured it was a good time to post the screenshot finally, now that NBIS has had its run up and I don't see the same upside anymore. Onto new plays!",2026-04-18 20:32:42,
2026 has been a rollercoaster and we aren't even 1/3 of the way through,24,,2026-04-18 18:56:03,
Calls on $KLAR and $MSTR,414,All pun intended,2026-04-18 17:49:28,
Last 🐻 alive,162,,2026-04-18 15:49:31,
Living my best life.,14409,,2026-04-18 15:29:33,
Meta to cut 8000 jobs (10% workforce) in May. More layoffs ahead as AI shift accelerates,4129,"Source: https://www.nbcbayarea.com/news/local/meta-layoff-thousands-of-employees-in-may/4070910/

Meta is planning to lay off 10% of its workforce in May, and more layoffs are planned later in the year, according to a report.

Sources told Reuters that Meta, the parent company of Facebook and Instagram, will lay off nearly 8,000 employees in May, with more layoffs planned later in the year.

The report of job cuts comes as meta has been spending less on virtual reality and more on AI.

Business and Tech Reporter Scott Budman said Meta hired a lot of people during and after the pandemic to be part of the metaverse. But that hasn’t really worked out.

“Now, we know that the Metaverse is really not going to pan out all that much and turns out to be a flop, so it’s a lot of people that were working in this area that took billions of dollars in investment that didn’t work out, so many of those people are likely to lose their jobs unless they can move into something that’s more current like AI,” he said.

Several big companies have laid off workers recently.

Snap, the parent company of Snapchat, announced this week plans cut a thousand workers, citing AI-driven efficiencies.

“Salesforce has announced some cuts, Oracle cut a lot of people and some of these cuts were blamed on AI, Block, Jack Dorsey’s Company cut about 40% of its workforce and he came right out and said 'AI is doing a lot of these jobs better and less expensively than humans',” Budman said.

And that's a dire warning to college students hoping to get a tech job.

“It’s not gonna stop, this is just the beginning. And what we have seen so far from the companies is contagious,” said Ahmad Banafa, engineering professor at San Jose State.

Banafa says he urges his students to use AI.

“Don’t be left behind. I mean, if you see any kind of new tools in AI, any new projects by the big name, by OpenAI or Google, go and learn it. Get certifications, take classes that would make you in the front of the line when it comes to hiring,” he said.

NBC Bay Area reached out to Meta regarding this report, but the company said they have no comments at this time.",2026-04-18 12:43:29,
Well there goes last weeks gains,8784,,2026-04-18 11:42:30,
Any one else feel disappointed they didn’t make more on this rally?,24,"From March 23rd to this Friday the 17th I swung $550 to $4850 from playing Dave and busters earnings with $12 5/15 calls, swing trading $INFQ and getting out too early, day trading $MSFT calls and selling for 50% before the options went on to gain 10,000%…

The only thing I’m really happy that I did this week out of caution was to be skeptical that Netflix would continue to run after earnings. I successfully made $2200 swinging calls from $99.8 to $107. 

But given the fact that I’m still down $3300 YTD makes me feel like I didn’t ride this rally well enough. The market was tossing out 2000% plays like candy. MSFT, AVGO, AAPL, TSLA, AMZN, META all had their days. Sure, I bet there’s someone out there who lost it all betting against the market… but all you had to do was look at the forward multiples (except on AAPL and TSLA) to understand doing that was playing with fire. 

 

Anyone else make money these last two weeks but still feel like they underperformed? ",2026-04-18 10:58:22,
We did it nana,765,Sure it’s the same price as 5 years ago but AI am sure it’s for real this time ,2026-04-18 10:15:10,
First time ber,121,Yes I’m delusional,2026-04-18 07:17:32,
So umm hear me out…,31,92k on margin selling in the money cc on it at all time highs. Let me get that monthly pay in a week 🤓 KEEP THE HORMUZZY OPEN!,2026-04-18 05:58:29,
I can do it one more time though,13616,Hurts so good,2026-04-18 05:45:59,
Rebalanced my roth ira at the bottom? Gains after 1 week,5,Swing trading to 100k,2026-04-18 04:32:53,
GAIN: $RACE🫡🤌🏼🤌🏼🍝🇮🇹🇮🇹🍝,237,"Update from the DD,

I entered at the original position, exited at 380, re entered again at 330. About \~250k of profit across 4 accounts, stock and options. Still holding 50k in June 400c & July 410c for earnings & \~1000 shares at mid 330s

Buying a 550 with the profits, Aka the bad boys 2 Ferrari, also from my favourite Christmas movie, the family man.

[Original DD](https://www.reddit.com/r/wallstreetbets/s/gBlrQNQcsr)",2026-04-18 03:58:35,
JNUG for the win today,24,,2026-04-18 03:17:56,
"You know your definition of risk management is cooked when your ""safe bags"" are a 2x leveraged ETF of an individual stock. SOFX 🚀",26,,2026-04-18 01:35:34,
How High Will I Get by End of Year?,44,"Held mostly Bitcoin. Sold some to buy calls on MSTR and ASST when Bitcoin was at about $66,500. Up $64,000 compared to being up $16,516 with the same amount of Bitcoin.

Have about two years to wait for mania mode to come online.

With STRC from MSTR and SATA from ASST performing how they are, Morgan Stanley's Bitcoin ETF being their best ETF launch ever, Charles Schwab opening spot Bitcoin trading in Q2, Goldman Sachs filing for a Bitcoin Income ETF, possible Clarity Act, and Bitcoin having gone down 52% from ATH, seemed like a good time to buy them. We'll see how it goes!

Edit: Didn't realize I was in the r/Buttcoin subreddit -\_-",2026-04-18 01:10:53,
Decided to buy the dip,0,,2026-04-18 01:07:03,
Decided to buy the dip,0,Curious how this will look next week. Will bitcoin lag? Or is this just the start? ,2026-04-17 23:59:41,
IREN rip for +100%,17,"Started buying some late dates calls IREN in February looking for a few percent gain like usual.  I usually just scale in and sell once i see 20% or better depending on the dte.

Well, this one had allot of time, so averaged down until it only had to move back a couple bucks over the course of a month to at least break even....

Then this week happened.  I said to myself i would hold till Friday unless it ripped past 50$, then I'm out... Got close but never broke through. 

Theta was starting to crank up now so i didn't want to hold over the weekend.. same gains for today it would need to hit 50 by Tuesday to hang the same return. 

Anyway, I'm now piled into UUUU and UMAC with the gains.  Hopefully I'll be back with some more wins in the next month 😆",2026-04-17 23:52:23,
$200K gain in 3 weeks AMD AMDL 🚀,46,"https://preview.redd.it/1kpbpmhe2uvg1.jpg?width=1178&format=pjpg&auto=webp&s=77876a3b3473c55dd5e00b6424b3ee5c3c6747ba

50% of port AMD, 40% AMDL and for diversification 10% SOXL (amd is a holding) 🤡

Sold off 75% of my AMDL shares today.  Will let the rest ride through earnings.  You know how that usually goes.  Will never sell my regular AMD till it hit's $1000.  🚀",2026-04-17 23:19:21,
"Hormuz is closed again, again.",14512,,2026-04-17 22:51:12,
"Spx $970->$10,040",68,Some times averaging down does work,2026-04-17 22:45:06,
This was a fun week! $22k gain Thursday & Friday,32,"Bought all of these yesterday or today. Sold, gains are realized, and am ready for the weekend! ",2026-04-17 22:05:55,
How to martingale using stonks,91,"I was buying and holding sensible things like SPY, QQQ, NVDA, XEQT, and ASTS for many years until December of last year, when a friend of mine (who is from family money) convinced me to get on the gold/silver hype train and I’ve suffered enormously at the hands of some 2x and 3x leveraged commodity stocks as they collapsed through Feb/March.

I reached max pain around March 20th and sold everything, but failed to buy the dip on the 30th and I’m fairly stunned by the speed at which the “recovery” has taken place. I allowed myself to stay bearish for too long during the Iran nonsense and now I’m stuck with a massive loss while markets are at ATHs.

Four lessons learned, certainly:

\- stick to regular ETFs and stocks

\- avoid being sucked into “sure things” by idiots who can afford to lose all their money

\- the stock market doesn’t care about what happens in third-world countries; don’t trade like it does

\- never be a bitch and NEVER sell for a loss

Still, I’m having a very hard time taking my medicine here. I’d like to recoup my losses using the martingale approach and I think I can live with a 7-in-8 chance of success.

How can I best execute this?",2026-04-17 21:26:47,
Compounding ATM 0DTE SPY calls at open each day this week would have landed you a 62-bagger by end of week,89,"Pulled from OPRA via Thetadata:

|Date|SPY Open Price|Strike|Price of Option at 9:30 ET|Price of Option at 4:00 ET|Multiplier|
|:-|:-|:-|:-|:-|:-|
|2026-04-13|677.37|677|1.99|8.97|4.51|
|2026-04-14|687.66|687|1.88|7.26|3.86|
|2026-04-15|695.3|695|1.48|5.05|3.41|
|2026-04-16|701.13|701|1.41|0.62|0.44|
|2026-04-17|706.15|706|1.68|4|2.38|

Combined multiplier: 62.18x or 6218%

Moral of the story is calls at open. **Always.**",2026-04-17 21:11:59,
Some thetagang loss porn for you guys,21,I thought there was no way this turd would keep loving up and sold this when it hit $350 like two days ago. Should’ve bought shares to cover 🫠,2026-04-17 21:06:21,
Road to a Corvette Part 2: I was right.,14,"[https://www.reddit.com/r/wallstreetbets/s/VJtJS1kkyp](https://www.reddit.com/r/wallstreetbets/s/VJtJS1kkyp)

That was my last post and I said Apple would be the winner within the next 7 days, and surprise surprise, I was right.

I made rent, so what comes now? Obviously a Corvette, I’m going to attempt to turn $1,500 into $91,500 so I can have 90k for a corvette and $1500 for rent and electricity instead of pulling my money out.

My next move is $NFLX. The stock dropped almost 10% over what? Bad guidance and a lame duck CEO?

The market is extremely undervaluing Netflix right now, and with how expensive gas prices are, no one is taking their shawties out on a date, they’re all asking them to \_\_\_\_\_\_\_\_\_ and chill.

I know you filled that in with Netflix, it’s undeniably the king of streaming services and they’re primed to make a move reclaiming losses after the earnings report.

Positions: $1500 all in on $NFLX 104c 05/01

Waiting for market open, but I already bought 3 contracts @ 0.51.",2026-04-17 21:02:22,
Cerebras Systems Announces Filing of Registration Statement for Proposed Initial Public Offering,19,,2026-04-17 20:51:43,
Phantom pain,16,"I had diamond hands, but they gave me phantom pain.",2026-04-17 20:44:30,
SPY Calls no Brain Activity,53,"This week I have gone from $546 to $20,000. I lost $3,000 Monday on puts and out of spite I have only done calls on my remaining $546 since then. 

",2026-04-17 20:08:16,
Allbirds Stock Now Crashing as Reality Sets in About Its Delusional AI Pivot,6494,Reality is whatever the market says it is 🙇‍♂️ ,2026-04-17 20:05:55,
420 TSLA 4/20 420C,22,Fuck it ,2026-04-17 20:00:01,
"Weekend Discussion Thread for the Weekend of April 17, 2026",158,This post contains content not supported on old Reddit. [Click here to view the full post](https://sh.reddit.com/r/wallstreetbets/comments/1sobrc8),2026-04-17 19:57:10,
200k to 20k back to 250k,796,bought oracle calls the first day they spiked and sold them today. ,2026-04-17 19:55:49,
Thanks Microsoft,33,Relatively small win compared to the shit in there. ,2026-04-17 19:51:43,
Fuck it I’m out,36,Who knows whatever other fuckery 🍊is gonna do over the weekend. Will wait for the next dump and pump scheme. Still holding onto shares. ,2026-04-17 19:45:43,
$IBRX DD: the class action headline looks scarier than the actual facts,4,"**$IBRX DD: the class action headline looks scarier than the actual facts**

Not financial advice. Just read the complaint, the FDA letter, the label, and the company response.

**My take:** the lawsuit headline makes this sound like ImmunityBio’s core product got exposed as fake. That is **not** what happened.

The class action is basically built around a **Jan. 19 podcast** and a TV ad, where Patrick Soon-Shiong made extremely aggressive claims about ANKTIVA — stuff like it could “treat all cancers,” “prevent cancer,” and references to a “single jab.” The FDA’s March warning letter says those promotional claims were false or misleading because ANKTIVA is **not approved for all cancers**, is **not a cancer vaccine**, and in the U.S. label it is approved **with BCG** for a specific bladder cancer setting and is **for intravesical use only** — not subcutaneous injection.

That matters because the complaint is **not** saying ANKTIVA lost approval, or that the clinical trial data was fabricated, or that sales were fake. The complaint itself says the alleged class period starts **January 19, 2026**, which is the date of the podcast. In other words, this case is centered on **promotional overstatement**, not on some newly discovered collapse in the underlying product.

That’s why I think the lawsuit thesis is weaker than the scary headlines imply:

**1) The “fraud” theory is narrow.**  
The complaint’s core allegation is that Soon-Shiong “materially overstated Anktiva’s capabilities.” That is a much narrower claim than “the drug doesn’t work” or “the approval was invalid.”

**2) The market already had very explicit regulatory-risk disclosure.**  
In its February 2026 prospectus, ImmunityBio disclosed that if it disseminated false or misleading promotional materials, the FDA could take enforcement action, and it also warned about Form 483s, warning letters, and possible regulatory consequences. That does not make the FDA letter good news, but it undercuts the idea that regulatory/compliance risk was some hidden black swan. ([SEC](https://www.sec.gov/Archives/edgar/data/1828673/000119312526059279/d55258d424b4.htm))

**3) The actual approved use still exists.**  
The FDA label still shows ANKTIVA’s approved indication: with BCG for adults with BCG-unresponsive NMIBC with CIS, with or without papillary tumors, administered intravesically. The FDA warning letter challenged the ad/podcast claims, not the existence of the approved indication itself. ([FDA Access Data](https://www.accessdata.fda.gov/drugsatfda_docs/label/2024/761336s000lbl.pdf?utm_source=chatgpt.com))

**4) The company moved to clean it up fast.**  
ImmunityBio said it removed the identified podcast from its site, asked third parties to remove it, and started enhanced advertising compliance measures. Again, not saying management handled it well — they clearly invited this mess — but this looks more like a **marketing/regulatory cleanup** than a thesis-breaking event. ([ImmunityBio, Inc.](https://ir.immunitybio.com/news-releases/news-release-details/immunitybio-addresses-fda-correspondence-and-reaffirms?utm_source=chatgpt.com))

**5) The business did not suddenly stop.**  
After the warning-letter selloff, ImmunityBio reported preliminary **Q1 2026 net product revenue of about $44.2M**, up **168% year over year** and up sequentially from Q4 2025. Reuters also reported that one analyst saw the FDA issue as something the company could address without changing revenue forecasts. ([ImmunityBio, Inc.](https://ir.immunitybio.com/news-releases/news-release-details/immunitybio-reports-net-product-revenue-increased-nearly-27?utm_source=chatgpt.com))

So what’s the real bear case?

The bear case is simple: management let hype outrun the label, the FDA slapped them, credibility took a hit, and now plaintiff firms are doing what plaintiff firms always do after a sharp drop.

That is a **real** risk. But that is very different from:

* “FDA revoked ANKTIVA”
* “the approval was fraudulent”
* “the drug doesn’t work”
* “revenue is fake”
* “the company is dead”

I don’t see the public record supporting any of those bigger claims. What I see is:

* an approved drug with a real, narrow label,
* an executive who said way too much in promotional media,
* an FDA warning letter about those claims,
* ambulance-chaser class-action firms piling on after a 20%+ drawdown,
* and a company that is still putting up product revenue growth. ([FDA Access Data](https://www.accessdata.fda.gov/drugsatfda_docs/label/2024/761336s000lbl.pdf?utm_source=chatgpt.com))

**Bottom line:**  
This looks to me like a **headline-driven legal overhang**, not proof that ANKTIVA’s core value proposition just evaporated. The lawsuit may create volatility, but the public documents so far read more like **promotional misbranding / overstatement** than a fundamental blow-up.

If you’re bearish, be bearish on management judgment and regulatory discipline.  
But saying this lawsuit proves IBRX is a fraud feels like a stretch.

**Positions:** Long 600 Shares of IBRX",2026-04-17 19:39:37,
Weekly Earnings Thread 4/20 - 4/24,104,,2026-04-17 18:59:44,
Run it back Turbo Americano - Keel Industries ($KEEL),36,"My fellow autists & r-tards alike, listen up! Remember when we caught that first wave of sweet sweet **$BITF** tendies last year?  Well, that was just the appetizer.

>[BitFarms $BITF High-Performance Computing Play](https://www.reddit.com/r/wallstreetbets/comments/1n1i1vn/bitfarms_bitf_highperformance_computing_play/)  
by [u/DonaldPump1](https://www.reddit.com/user/DonaldPump1/) in [wallstreetbets](https://www.reddit.com/r/wallstreetbets/)

**The Keel Rebrand: America > Canada**

* Bitfarms ($BITF) has officially shed its skin and emerged as Keel Infrastructure ($KEEL). As of this month, the rebrand is complete, the ticker is live, and they have successfully redomiciled its legal headquarters from Canada to the United States (murica, fuck yeah). They are now headquartered in NYC and trading on the Nasdaq with a fresh identity and a clean slate.
* **Symbolism of the Name:** The ""keel"" is the structural backbone of a ship that provides stability and converts energy into forward motion. Management chose this to represent the company as the foundational ""backbone"" for the compute of the future. - Strong, just like Donald Pump's deadlift. 

**The Setup: One of the Last Pure Plays Without a Deal**

* Look at the landscape: CORZ, IREN, WULF. everyone has already inked their massive hyperscale or AI deals. Their multiples have expanded, and the easy money has been made.
* But look at Keel: Despite having a 2.2 GW pipeline and permitting already in the bag, they are one of the only major players that hasn’t officially announced a tenant deal yet. They are sitting on over 400 MW of secured power right now, primarily in PJM (Pennsylvania) and Washington. Meanwhile, PA Governor Josh Shapiro has positioned Pennsylvania as a primary battleground for AI Supremacy and $keel's recent move seems to align perfectly with his GRID (Governor's Responsible Infrastructure Development) standard. 
* And you might say: maybe they don’t have a deal because they’re poor operators and nobody wants to work with them? And maybe you’re right! But you really need to stop thinking so hard.

**What’s changed in the last 6 months?**

* Not a whole lot! Except for the fact that the world has finally realized how desperate hyperscalers are for power. While the stock price has come back, the underlying value has only tightened:
   * **The War Chest**: Between late 2025 and Q1 2026, they built a massive liquidity position of \~$700M. 
   * **US Redomiciliation** provides them with access to fresh capital, many US institutional investors and funds are restricted from buying shares of foreign companies, while also allowing them to be eligible to be included into major US indices like the Russel 2000.
   * **Debt:** They’ve already retired their debt facilities and cleaned up the cap structure. The ultimate pain of constant dilution is behind us.

**The Catalyst: A deal**

* Management is explicitly ""advancing go-to-market processes"" at their flagship sites like Panther Creek and Sharon.
* **The play is simple:** When this property is officially off the market and a deal is signed, the easy money will have already been made. You're buying the same assets that pumped to $6.60 but with a better corporate structure, no debt, and a more desperate customer base.

**TL;DR:** $BITF is now $KEEL. They have a lot of liquidity and secured power. They don’t have a deal yet, but they will.

  
**Disclosure:** NFA DYOR, I am still just a retard with a Bloomberg terminal. Sometimes maybe good, sometimes maybe shit. - It's just money.

  
**Position:** June $5s 

https://preview.redd.it/r7u1zxskgsvg1.png?width=530&format=png&auto=webp&s=b328bc6c79e5b8484d4190373ae57a7195d1668e

",2026-04-17 18:40:53,
"$3,500 loss",39,ORCL fucked me in the ASS today. RIP my account. I give up on options.,2026-04-17 18:22:19,
Exited some of my Positions.,77,"i still have half. I’ll let them ride. BtW, LF NM unlimited Mox Jet and Ancestral Recall. Half in trade.",2026-04-17 18:05:00,
2000$ -> 8000$ THANK YOU IRAN!,269,Bought 4dte 710 strike thinking it would hit it on Monday but not today,2026-04-17 17:47:57,
Green is green but....SPX,18,"

Bought SPX calls over the weekend and then 2DTE and of course they hit...rotated out this am.  Total 8k gain over both trades.  Screenshot is only of the most recent.

Trying hard to not play the ""what if I held all of them to ---  each"" game...but trying something new...keeping the profits.",2026-04-17 17:41:14,
1k to 207k in 10 days,3030,"Shoutout to the 🏳️‍🌈🐻 in my yolo post yesterday, hope you guys liked missing the greatest 13 day rally in history.",2026-04-17 17:32:17,
Had a $19K home repair bill come up. Gambled my money back in three weeks,1413,"Home heating system was on death's door. Full replacement. $19.5k bill. Instead of just paying it, I decided I wanted it for free. I expected to maybe pull it off by the end of the year, but it took less than 3 weeks total.

Almost exclusively AMD calls. I could have made a lot more but I didn't expect AMD to shoot up 40% out of nowhere.

\+$5851.66 on the day  
\+$12,765.51 on the week  
\+$25,150.31 on the month (since the boiler died)

Positions here: [https://imgur.com/a/a8T5bnX](https://imgur.com/a/a8T5bnX)",2026-04-17 17:22:46,
"Oh yeah, I’m getting the fuck out… 👋",2967,"Retard this, retard that… I’m too lazy to post all my trades but I can confirm they’re all retard lucky trades. I think there’s a bull trap coming so for that reason I AM OUT. Good luck to you regards! ❤️",2026-04-17 17:17:42,
I am an idiot,107,Sold too soon could have been 400k.,2026-04-17 17:10:13,
HIVE is just getting started!!,0,"Load up before you cry about missing it later regards.

Dont say I didn't warn you when this thing up 500%.

Started position last year around double downed like a degen at around 3 now sitting at 6600shares at 4.65.

The thesis?

$10 is not a meme once they crack 500mil revenue this year end and BTC keeps mooning.

I am strapped for the liftoff. You can fade it or FOMO in later",2026-04-17 17:06:02,
Started as a $1000 trade at the start of the month,70,Sold $1.5s I had this morning and bought these before the pump. Pray for me ,2026-04-17 16:48:45,
Mooo MU,33,Parties over the last month. 600/700 spreads expiring next year. ,2026-04-17 16:22:47,
Finally hit it +100K gain,361,Been trying daily for the last 4 days and if you see my posts I was selling my plays early to mitigate risk. Today I saw the opportunity and my goal was to make the big win. Finally 100k!!! my biggest win ever. ,2026-04-17 16:14:58,
$BMNR or food stamps YOLO - April 17 2026,23,"See previous post: [https://www.reddit.com/r/wallstreetbets/comments/1s8vek5/bmnr\_or\_food\_stamps\_no\_inbetween/](https://www.reddit.com/r/wallstreetbets/comments/1s8vek5/bmnr_or_food_stamps_no_inbetween/)

Increased my position because if I’m going to lose money, I want it happening at five-digit speed.",2026-04-17 15:57:16,
AMC Stock Analysis and calls,272,So I went to the movies this weekend to watch project Hail Mary. It was impossible to get a ticket outside of the front row. I’ve never seen anything like it since pre covid. ,2026-04-17 15:20:23,
Sold early but cashed in on a nice SPY return,31,,2026-04-17 15:14:12,
"10K FD, Meta 700C Expiring 4/24",11,"https://preview.redd.it/j076azsmorvg1.png?width=1062&format=png&auto=webp&s=5b9f41899f6d6103a63f347401bf442ed2cd3a20

Bought these today for 5.20 a piece.  
20 quantity

  
I only buy calls when market is all time high.  
Translation: The top is in boys!",2026-04-17 15:14:05,
Planet labs gains (+2000%) from $5k to $100k! Again!,207,Shut the fuck up. Its a casino. ,2026-04-17 14:56:14,
I am tired boss,342,"I could be the most regarded of all regards on this sub. After 4 years of trying and trying, i missed on some great opportunities like selling 2400 intel shares at 24, 300 shares of Google at 150, and 800 shares of caravana at $14, and never got back in again. Instead started options which got me to this point. ",2026-04-17 14:49:37,
30k gain on SPY calls,24,,2026-04-17 14:48:47,
"Lost out on over $7,000 in gains because of the covered calls i sold last week 🤡",73,,2026-04-17 14:30:19,
Fuck this,2535,I can never win,2026-04-17 14:24:55,
Dollar-cost averaging,11,"Perma BTC bull but too chicken to play crypto future, so MSTR it is",2026-04-17 14:03:47,
"Netflix PUT play, bought 4.3-> sold 11.8 after earnings drop (31k$ gain)",32,"https://preview.redd.it/3nzrd8fearvg1.png?width=2776&format=png&auto=webp&s=55996f9694d91c0098e11dcac464aeb9967869ef

🔥🔥🔥🔥🔥",2026-04-17 13:54:46,
MSFT Call,23,Gonna sell before earnings. Bought in February at 385 and stomached -50%. ,2026-04-17 13:48:50,
Iran declares Strait of Hormuz completely open to commercial ships during Israel-Lebanon ceasefire,2273,,2026-04-17 13:43:42,
NFLX AND CHILL pt.2,30,The Netflix saga is the gift that keeps on giving,2026-04-17 13:35:06,
First time 0dte,15,Dang it feels good! Tripled in 10 hours ain’t no way😂 calls literally printing these days so easily I feel unreal.,2026-04-17 12:58:02,
HORMUZ OPEN,6328,"FREAK THE FUCK AND AND FOMO CALLS, WAR IS FUCKING OVER",2026-04-17 12:54:02,
"Goldman says CTA bought +$86 billion this week, which is top 5 all time.",21,They modelled that CTA could purchase an additional $70 billion of the next 5 sessions.,2026-04-17 12:27:19,
They made an autism ETF. We're finally the underlying asset.,273,,2026-04-17 12:23:31,
Diamond hands gains for your viewing pleasure.,70,"Original post https://www.reddit.com/r/wallstreetbets/s/13Mr6HncrV

I diamond hands and held on.

How you like me now haters. ",2026-04-17 11:49:50,
"Daily Discussion Thread for April 17, 2026",294,This post contains content not supported on old Reddit. [Click here to view the full post](https://sh.reddit.com/r/wallstreetbets/comments/1snxoo5),2026-04-17 11:01:02,
"Michael Burry analyzed 1,000+ reports and found a $1.7 trillion 'earnings illusion' hiding in tech stocks",11852,Article from Money wise. ,2026-04-17 10:14:40,
Last bear standing,148,60k 3x leveraged inverse Nasdaq. War not over. 🐻🐼🧸🐻‍❄️,2026-04-17 03:23:51,
All in on PayPal,350,"Most hated fintech stock in the S&P500 and nets more than Tesla. Venmo is the growth, and they just applied to be a bank allowing them to make interest off their deposits. Add the Autzone effect with buybacks and this is about as safe as it gets with this valuation and multiple. If Venmo sold today, it would be worth 40 billion alone and no one wants to talk about agentic commerce and how PayPal's 400 million plus users play in to being first in line for one click purchases. Just my opinion! GLTA.",2026-04-17 03:22:27,
IF EVERYBODY JUST DID THE OPPOSITE OF WHATEVER I DO THEY CAN BECOME A MILLIONARIE,319,"https://preview.redd.it/abwod58w0ovg1.jpg?width=1080&format=pjpg&auto=webp&s=83275854565b0048e58c4623dc61acea00f2d7eb

What I am doing right now is investing in American Real Estate, that means the real estate market is going to crash hard, also I wanted to get puts on the S&P 500 so obviously tomorrow it's going to soar.

JUST WATCH, every time I do something I will get the complete opposite of what i wanted. Go ahead and save this post and thank me later for letting you know what the market will do.",2026-04-17 03:01:05,
"Gentlemen, it's been an honor and a privilege. Wish me luck.",93,I don't care anymore. I'm going to die on this hill. ,2026-04-17 02:12:47,
I feel this regard (me) definitely belongs here,34,,2026-04-17 02:03:18,
Biggest loss so far 18K,27,,2026-04-17 02:01:13,
Michael Burry buys the dip in software,1398,Michael Burry buys the dip in software stocks after AI-fueled sell-off https://www.cnbc.com/2026/04/16/burry-buys-the-dip-in-salesforce-and-other-software-stocks-after-sell-off.html?\_\_source=iosappshare%7Ccom.apple.UIKit.activity.CopyToPasteboard,2026-04-17 00:54:03,
To the newcomers,5132,,2026-04-17 00:39:34,
but the gamma just looks so good on this one,4872,,2026-04-17 00:29:54,
New Netflix logo,1547,,2026-04-17 00:16:35,
Are there any bears left or all Extinct ?,2389,,2026-04-16 23:21:22,
73k in 3 days from 3k!,246,LFG!!,2026-04-16 20:48:54,
Netflix just plummeted 8% immediately upon market close today. Time to buy!,8796,,2026-04-16 20:06:27,
AMD. New high score: +$6M,7418,,2026-04-16 15:11:27,
Every Regard here,8020,,2026-04-16 14:15:18,
How the stock market has performed on each day of the week so far in 2026,720,"I found a study this morning that reviewed the annualized returns per day for the S&P 500 in 2026 and the numbers were pretty comical:

* Monday: +91.1%
* Tuesday: +3.2%
* Wednesday: +76.1%
* Thursday: -113.4%
* Friday: -46.4%

So what does this all mean to me?! Investors love to buy in on Monday, sell off on Tuesday, buy back in on Wednesday and sell of the rest of the week, with Thursday by far being the largest selloff day.

The big question that I have for you all, how can we build a strategy around this knowledge?",2026-04-16 13:51:13,
"The Buy Now, Pay Later Boom At Coachella, Signs Of Stretched Wallets",1015,,2026-04-16 11:16:18,
"Turned $700 into $70,000 in 3 days",2836,I’m a compulsive gambler. Since March of last year I’ve basically lost all my money sports betting. I had over $50k. I decided to throw my last $700 into 0dte SPY and QQQ calls. I made my money back and I hope to never gamble again. ,2026-04-16 10:30:44,
$NKE,17804,,2026-04-16 09:36:35,
Duality of wsb,1134,😂,2026-04-16 09:14:51,
The last bear is me,1920,"Warren Buffet, the legendary trade man once said, ""sell when others are greedy, buy when others are fearful"".

It's been a month and a half since the market crashed from 🥭's epic operation of fury. Everyone was scared. Reddit was full of big grizzlys. The bulls scattered, as we mowed them down one by one.

At first they cheered. ""It's over, the market is doomed!"" SaaSpocalypse, short everything, they said. I cheered alongside them. 

But our victories were short-lived. Slowly the 🌮 set in. The bulls came back from their catastrophic defeat. One by one the bears, in sheer confusion, cried, ""oil prices are up why is the market bullish???, the market is so unfair, this makes no sense!"",  as their short money disintegrated from their accounts, the bulls relishing in their victory.

Slowly but surely, bulls took over the retail holy land. Reddit is now full of bulls, mocking the bears over their defeat. Meanwhile the bears are nowhere to be seen, their portfolios destroyed by their ignorance. 

I'm one of them. My allies are all gone. But as Napoleon once said, ""my enemies are few, my equals are none"", as no one could be more bear than me.

As I sit in my hideout, looking at the bulls cheer for joy at the SPY breaking 700, I whisper to my self, rocking back and forth in my gaming chair, ""The market will crash, anytime now"", still believing that the prophecy by the legendary trade man will come soon. ",2026-04-16 08:10:02,
Sold NVDA call by accident,794,Litterally wild that this keeps happening. This time i think im screwed though since it went against me.,2026-04-16 04:47:10,
"Exclusive | Pentagon Approaches Automakers, Manufacturers to Boost Weapons Production",285,Gimme the M1 Abrams - hellcat special edition ,2026-04-16 03:16:43,
How to cope with losses,778,I’m 23 and I lost close to 30k of my hard earned money through options and crypto. I always worked hard to save and kept invested in VOO. I don’t know why but I had an urge to take it all out last year and started gambling. I think it’s because I felt like my peers were doing better than me. It’s my fault and I take full responsibility but I really don’t know how to cope with this anymore. ,2026-04-16 02:18:46,
License to print,1963,,2026-04-16 00:46:07,
I Turned My Escort Waiting Time Into A Research Report And Now I Think I'm A Genius,952,"(I am not. I'm on 50mg of sertraline and my ex is now a lesbian. But hear. Me. Out.)

 

**THE POSITION AND THE CONTEXT**

Alright you degenerates. I'm the Italian guy who is still holding 1200 [JD.com](http://JD.com) shares, while you idiots keep asking me if I've sold yet. No. I haven't. Today I had the galaxy-brained idea to sell covered calls at $33 strike expiring Friday.

 

This research started as a short thesis on Volkswagen. I wanted to find a reason to short $VOW3. What I found instead was a stock so cheap it made me question my entire understanding of markets, efficient pricing, and personal life choices - of which I've made several terrible ones.

 

\[PHARMACOLOGICAL DISCLOSURE: This research was conducted over approximately 3 weeks while on 50mg of sertraline and 3 grams of beta-Alanine daily, which means my risk appetite is chemically suppressed but still somehow includes covered calls on JD.\]

 

For those who don't know: Volkswagen makes cars. The Golf, the Tiguan, the Porsche, the Lamborghini, the Audi, the Skoda, the SEAT, the Bentley. Twelve brands. It is the largest automaker in Europe and one of the largest on earth by revenue. It is currently priced like a failing used car dealership in the suburbs of Dortmund…

 

https://preview.redd.it/d9tgb2o2mfvg1.jpg?width=451&format=pjpg&auto=webp&s=e7c534207ffc92b3510d4773751f4649abe8618c

 

**THE BEAR CASE - WHAT VW ITSELF SAYS ABOUT WHY YOU'LL LOSE MONEY**

Let me ask the questions a real bear would ask. And let me answer them using VW's own words, because management is legally required to be honest in annual reports even when they'd really rather not be.

 

**What is the most likely way you lose money here?**

You lose money the boring way. Not a collapse. Not a Dieselgate 2.0. Just years of margin compression during a forced EV transition while you wait for a turnaround that always seems to be 'two years away.'

""We operate in highly competitive global automotive markets and we anticipate that this competition will continue to intensify, resulting in sustained pricing pressure and an increased use of sales incentives by market participants.""

→ Pricing power is eroding. If margins are 2.8% and stay there, every recession or product failure hits equity holders hard and fast.

 

""On the other hand, the financial result is significantly weaker compared to the previous year. This is partly due to the ramp-up of lower-margin electric vehicles.""

→ EVs are the future. EVs are also currently margin-dilutive. VW is in the middle of paying the transition tax. The question is whether it survives long enough to collect the reward.

 

**Operating margin in 2025: 2.8%. That's worse than the margin on a Footlong Sub. And Subway at least doesn't have to negotiate with IG Metall.**

 

**Where is the business structurally weak?**

Three places. All painful.

•       Scale complexity. Too many brands, platforms, factories, and stakeholders. Change is slow and expensive.

•       Cyclicality. Autos are a macro product. When rates are high, financing costs rise and demand falls.

•       China exposure. The world's biggest auto market is now a warzone for VW.

 

""\[China's\] fast-growing e-mobility market... is already dominated by high-volume domestic manufacturers... competitive pressure from local manufacturers will generally increase further.""

→ BYD isn't competing with VW. BYD is eating VW's lunch, dinner, and is currently eyeing the breakfast leftovers. China went from VW's ATM to VW's biggest headache in about five years.

 

\[LIFESTYLE DISCLOSURE: LIFESTYLE DISCLOSURE: At this point in my research I had to pause because my Chinese consultant arrived. I find that high-quality primary research benefits from breaks. I resumed after approximately 7 minutes. She had thoughts on BYD. They were broadly bullish.\]

 

**What assumptions need to go right.. and might not?**

The bull case requires ALL of the following simultaneously:

•       EV adoption grows fast enough to replace ICE profit pools before those pools evaporate.

•       Battery costs and supply chains stay stable.

•       VW executes software and electrification without multi-year delays.

•       The industry avoids a multi-year discount war in Europe AND China.

 

""Research and development of our complex products, software and services entails considerable risk, including uncertainties regarding the widespread adoption by consumers and available infrastructure for such products.""

→ VW is building expensive software-defined vehicles for an EV market that doesn't yet have the charging infrastructure in many of its most important markets. They're investing in the answer to a question the market hasn't fully asked yet.

 

""more rapidly evolving customer requirements... swift introduction of legislative initiatives... and the market entry of new competitors... will require changed products at a faster pace of innovation as well as adjustments to business models and cost structures.""

→ The bull case assumes VW can move like a tech startup. VW has 660,000 employees, three supervisory boards, a state government on the cap table, and a union that has been there since before your parents were born.

 

**What could permanently impair earnings?**

•       A prolonged price war in Europe and China that permanently resets industry margins.

•       Geopolitics and trade barriers raising costs or blocking market access.

•       Dieselgate tail risk. This is still ongoing.

 

""As a consequence of the diesel issue, numerous judicial and regulatory proceedings were initiated in various countries... In Germany, roughly 10 thousand individual lawsuits relating to various diesel engine types are currently pending.""

→ Ten thousand lawsuits. Ten thousand. Ten fucking thousand. That's not a legal department, that's a law firm with its own law firm.

 

**Is the balance sheet a hidden risk?**

Not hidden. Just uncomfortable.

""There is an inherent risk that existing capital needs may not be met if the Company cannot obtain funding or if financing is only available under unfavorable conditions.""

""There is a potential liquidity risk that we will be unable to cover existing capital requirements by raising funds or unable to finance the Group on reasonable terms, which in turn can have a substantially negative impact on Volkswagen's business position, earnings, financial position and net assets.""

→ In a credit shock or downgrade cycle, VW faces higher refinancing costs right when it needs massive EV capex. The timing risk is real and underappreciated.

 

**Key balance sheet facts:**

•       Total debt (consolidated): €264.7B (mostly financial services, but still)

•       Auto division net debt: \~€13.2B

•       Pension provisions: €23B - mandatory, non-negotiable cash drain

•       S&P credit rating: BBB+ - one bad year from pressure territory

 

**Where could management hurt shareholders?**

This is my favorite section. Pay attention because this is where VW is like my ex.

 

\[PERSONAL CIRCUMSTANCES DISCLOSURE: My ex-girlfriend is now a lesbian. She says that after me, she was never able to date a man again. I didn't fully understand this until I read about VW's governance structure. VOW3 preferred shareholders have no voting rights. Like me in that relationship, you get the economic exposure but zero say in any of the decisions. The Porsche-Piëch family makes all the choices. The State of Lower Saxony has a blocking minority. IG Metall has half the supervisory board. You have shares and a sad emoji.\]

 

""The distribution of voting rights... Porsche Automobil Holding SE... held 53.3% of the voting rights... the State of Lower Saxony... 20.0%... Qatar Holding LLC... 17.0%.""

→ Control is concentrated. Minority shareholders cannot force hard decisions. You are along for the ride, not driving the car - ironic, given the company.

 

""preferred shares... do not carry voting rights.""

→ VOW3 holders have no vote. If governance choices dilute value, your only option is to exit. Voice? Never heard of her.

 

**Why might investors be fooling themselves?**

Because the 'cheap legacy champion' story feels good. Investors anchor to ICE-era profits and assume they come back. But pricing power is structurally weaker. The cost base is heavier. Competition is sharper. 'It will normalize' is not a plan.

""Competitive pressures are also likely to remain high in the future.""

→ Investors may assume 'cycle mean-reversion.' VW is telling you it could be persistent. The question is whether you're buying a cyclical trough or a structural step-down.

 

**FULL ANALYSIS**

https://preview.redd.it/l4h0k3o2mfvg1.jpg?width=466&format=pjpg&auto=webp&s=c212a8a35fba9dbfa763a951017bccb665f72c14

 

**Top Competitors**

|**Company**|**P/E (TTM)**|**Div yield**|**D/E ratio**|**Op margin**|**Moat**|
|:-|:-|:-|:-|:-|:-|
|Volkswagen (VOW3)|6.7x|7.35%|1.30x|3.4%|Moderate|
|BMW (BMW.DE)|8.2x|6.1%|0.95x|5.2%|Moderate|
|Mercedes-Benz (MBG.DE)|6.1x|8.2%|1.10x|5.9%|Moderate|
|Stellantis (STLA)|5.4x|7.8%|0.48x|2.1%|Weak-Mod|
|Toyota (TM)|10.2x|2.8%|0.58x|9.1%|Strong|
|Ferrari (RACE)|42.0x|0.7%|0.30x|26.4%|Very strong|
|**BYD (1211 / BYDDY)**|**27.66x**|**0.38%**|**0.48x**|**4.20%**|**Strong (China scale + vertical integration)**|
|**Tesla (TSLA)**|**332.94x**|**0%**|**0.18x**|**4.59%**|**Moderate**|

 

https://preview.redd.it/9y49l2o2mfvg1.jpg?width=466&format=pjpg&auto=webp&s=40138e9ecdbeb743bc8c8a4bf90a55472e6c8eba

 

**Competitive Moat Assessment**

Brand portfolio: STRONG. 12 brands from VW to Lamborghini. Premium mix provides pricing power where it still matters.

Manufacturing scale: MODERATE. 9M units/yr but 14M capacity = stranded cost drag.

EV technology: WEAK. Software behind Tesla and BYD. China EV sales fell 44% in 2025. Relies on Xpeng partnership.

Distribution network: STRONG. Global dealer network and financial services arm are durable competitive assets.

Governance / flexibility: VERY WEAK. Union + family + state government tripartite lock blocks rapid restructuring.

 

**12-Month Bull Case**

Restructuring delivers €10B cost savings ahead of schedule. China stabilizes in H2 2026. Xpeng models gain traction. Defense pivot narrative re-rates the stock. Operating margin recovers to 5.5%+. Price target: €125.

 

**12-Month Bear Case**

Union blocks restructuring again. China market share falls below 10%. Dividend cut forces yield investors to exit. Margin stays below 4%. Financial services stress from used car value declines. Price target: €68-75.

 

\[PHARMACOLOGICAL DISCLOSURE: Sertraline update: at this point in the research I had to take my 50mg. This may explain the optimism in the bull case. The bear case was written in the evening, post-medication, which is probably less optimistic.\]

 

**Here Comes The Magic - DCF Valuation**

**5-Year Revenue Projection**

|**Year**|**Revenue**|**Growth**|**Op margin**|**EBIT**|**NOPAT (25% tax)**|**FCF est.**|
|:-|:-|:-|:-|:-|:-|:-|
|2025A|€321.9B|\-0.9%|3.4%|€10.8B|€8.1B|€5.0B|
|2026E|€330.0B|\+2.5%|4.5%|€14.9B|€11.2B|€8.0B|
|2027E|€345.2B|\+4.6%|5.5%|€19.0B|€14.2B|€12.0B|
|2028E|€362.5B|\+5.0%|6.5%|€23.6B|€17.7B|€16.0B|
|2029E|€378.8B|\+4.5%|7.0%|€26.5B|€19.9B|€18.5B|
|2030E|€392.5B|\+3.6%|7.5%|€29.4B|€22.1B|€20.5B|

 

Key assumptions: 'Goodyear Forward' restructuring saves €3B by 2027, €8B by 2030. China stabilizes at 10% share. Porsche and Audi hold premium margins. Defense pivot contributes minimal revenue (upside optionality only). Capex \~€15.5B/yr throughout.

 

**WACC Calculation**

Risk-free rate (German 10yr Bund): 3.0%

Equity risk premium: 5.5%

Beta (5Y monthly): 1.05

Cost of equity: 8.78%

After-tax cost of debt: 2.63%

Target capital structure (E/D): 70% / 30%

**WACC estimate: 7.0%**

 

**Terminal Value - Two Methods**

Exit Multiple Method: 2030 FCF €20.5B × 6.0x = Terminal Value €123B → PV at 7% WACC (5yr): €87.8B

Perpetuity Growth Method: €20.5B / (7% - 1.5%) = €373B → PV: €266B

Perpetuity method produces extreme sensitivity to g-rate. Exit multiple is more conservative and appropriate for a cyclical. I weight exit multiple 70%, perpetuity 30%.

 

**DCF Equity Value Bridge**

PV of FCF (2026-2030) @ 7%: €52.9B

PV of terminal value (weighted avg): €141.7B

Enterprise value (auto division): €194.6B

Add: financial services book value: +€80.0B

Add: Porsche AG stake (\~10.8%): +€7.5B

Less: auto net debt: -€13.2B

Less: pension provisions: -€23.0B

Less: minority interests: -€25.0B

**Equity value: €220.9B**

Shares outstanding: 501M

**DCF fair value per share: €441**

 

Important caveat: The market is at €88. The DCF says €441. The market is not stupid - it is applying a massive structural risk discount for governance, China secular decline, and restructuring execution risk. The DCF is a ceiling. Not a price target. Not your bags.

 

**Sensitivity Table - Fair Value Per Share at Different WACC and Margin Assumptions**

https://preview.redd.it/npzt13o2mfvg1.jpg?width=466&format=pjpg&auto=webp&s=53803fdcd459c0153cd836a3c3d4ed1d115e1190

 

Green = above €400 (deeply undervalued). Amber = €200-400 (moderately undervalued). Red = below €200. Current price €88 is below ALL scenarios. The market is not making a valuation mistake. It is pricing governance risk.

 

**Key Assumptions That Break The Model**

|**Assumption**|**Base case**|**Breaks if...**|
|:-|:-|:-|
|Operating margin recovery|Reaches 7.5% by 2030|VW brand stays below 3% and drags group|
|China stabilization|Holds 10% share from 2026|Falls below 8% - €1-2B annual profit hit|
|Dividend maintained|€6.36 held through 2027|Cut forces yield-investor exodus, -20% price|
|No pension shock|€23B stable|Rate decline adds €5-10B to liability|
|Financial services resilience|Net loss ratio <0.5%|EV residual value collapse hits €313B asset base|

 

**Quantitative Research - Seasonal Patterns and Macro Correlations**

**Seasonal and Timing Patterns**

|**Pattern**|**Signal**|**Strength**|
|:-|:-|:-|
|Best months historically|Jan-Feb (rearmament narrative), Apr (post-earnings)|Moderate|
|Worst months historically|Aug-Sep (summer Europe slowdown, China volume data)|Consistent|
|Pre-earnings behavior|Stock tends to drift +3-5% in final 2 weeks before print|Weak signal|
|Post-earnings reaction|High volatility - sold off after Q3 2024 even on beat. Management tone dominates.|Headline-driven|
|Q4 reporting season|April print (Apr 30, 2026) - watch for restructuring savings disclosure|Catalyst|

 

**Macro Correlation Signals**

ECB rate decisions: POSITIVE when cutting/ putting away the idea of a rate hike (happened today)

EUR/CNY exchange rate: MEANINGFUL - China JV profits reported in CNY

German IFO business climate: CORRELATED - high IFO = VW outperforms

EU CO2 emission targets: HEADWIND - fleet average fines risk

US tariff escalation: NEGATIVE - EV and parts import exposure

Germany defense spending (€500B package): NEW POSITIVE CATALYST - defense optionality

Brent crude oil price: MODEST POSITIVE (ICE vehicle demand)

 

**Statistical Edge Summary**

|**Factor**|**Edge**|
|:-|:-|
|P/E vs sector (6.7x vs 19.8x)|Stock trades at 66% discount to peer average P/E|
|EV/EBITDA (3.77x vs sector 9.46x)|60% below industry median - extreme value signal|
|DCF implied upside|Market trades at \~80% discount to intrinsic value|
|Dividend yield (7.35%)|Top-quartile yield among global auto manufacturers|
|PEG ratio (0.21)|Earnings forecast to recover; growth not priced in|
|Defense re-rating potential|New catalyst with zero prior analyst coverage|
|5-yr stock performance|Persistent underperformer vs DAX - structural discount real|
|Governance discount|No catalyst to unlock sum-of-parts value near term|

 

**Defense & Missiles - The Turnaround Nobody Saw Coming**

https://preview.redd.it/cscly3o2mfvg1.jpg?width=421&format=pjpg&auto=webp&s=c55e3448191ef36f2731b32d5c27ee5b970570b0

 

This broke on March 25-26, 2026. Street coverage: essentially zero. This is the most interesting asymmetric catalyst on the stock right now and almost nobody is pricing it. Volkswagen is in discussions with Israeli state-owned Rafael Advanced Defense Systems about converting its Osnabrück plant (scheduled to end vehicle production by mid-2027) into a manufacturing hub for Iron Dome missile defense system components - specifically heavy-duty transport trucks, launch units, and power generators. VW will NOT produce the interceptor missiles themselves.

 

Why does this matter strategically?

•       VW has 5M units of stranded manufacturing capacity. Converting one plant from a cost center to a defense revenue generator removes dead-weight margin drag.

•       Germany's historic €500B defense spending package creates a decade-long demand wave. VW has the floor space, the workers, and the logistics expertise.

•       Rheinmetall is now larger than VW by market cap after +180% in one year. If VW converts 2-3 plants, analysts may begin applying a conglomerate/defense premium.

 

\[LIFESTYLE DISCLOSURE: LIFESTYLE DISCLOSURE: My Chinese consultant, who works in international logistics, pointed out that defense supply chains have historically excellent margins and reliable government clients who pay their invoices. She was speaking from professional experience. I am sharing this as alpha.\]

 

**Defense Pivot - Investment Analysis**

|**Factor**|**Assessment**|**Impact**|
|:-|:-|:-|
|Conversion cost|""Minimal new investment required"" - source familiar|Low capex barrier|
|Timeline to production|12-18 months if approved|2027 earliest contribution|
|VW's existing defense exposure|MAN-Rheinmetall JV makes military trucks|Not a cold start|
|Market size (Iron Dome Europe)|Germany, Poland, Baltic states all evaluating Iron Dome purchases|Multi-country demand|
|Works council obstacle|Labor unions have historically sensitive view of arms production|Critical execution risk|
|ESG implications|Defense sector reclassification could improve ESG scores vs auto|Unlock institutional ESG buyers|
|German government support|Berlin actively encouraging idle auto capacity for defense|Political tailwind|
|Revenue potential|Iron Dome battery cost \~$100M+. VW captures component segment.|Meaningful but not transformative|

 

**Defense Turnaround Probability Assessment**

|**Scenario**|**Probability**|**Stock impact**|
|:-|:-|:-|
|Osnabrück deal signed, works council approves|35%|\+8-15%|
|Deal delayed, further defense discussions with others|40%|\+2-5%|
|Works council blocks, plant sold or closed|25%|\-5 to -8%|

 

**Pre-Earnings Brief - April 30, 2026**

https://preview.redd.it/vn6i84o2mfvg1.jpg?width=466&format=pjpg&auto=webp&s=fab2cb8beced9ca54dd433b8fbac273c2d5979e3

https://preview.redd.it/eu3cr1o2mfvg1.jpg?width=466&format=pjpg&auto=webp&s=6521fe018067c27aa2cfba8a351cf4190178dd9e

 

VW Q1 2026 reports April 30, pre-market. Current price: \~€90. This is the first fully 'clean' quarter under the new US tariff regime - no pre-tariff inventory buffer.

 

**What Wall Street Is Actually Watching**

1. Adjusted operating margin (ex-special items) - Guidance: 4.0-5.5%. Anything below 4% in Q1 triggers a guide-lower. This is the number that matters most.

2. Tariff cost in Q1 - Full €2.5-3B guided for FY. Q1 is first clean quarter with no inventory buffer. Consensus assumes \~€650-750M quarterly drag.

3. China JV proportionate operating profit - Management pre-warned it will be negative in 2026. FY2025 was only €958M. How negative matters.

4. Net automotive cash flow - Q4 FCF of €6.4B surprised positively. If Q1 continues, the stock reacts regardless of EPS. Cash flow is the dominant market signal.

5. Porsche / Audi margin recovery - Audi needs 4%+, Porsche needs 6%+. Without these, the group margin recovery story doesn't work.

6. Restructuring savings delivery - Zukunft Volkswagen targets €4B annual savings. Q1 is the first delivery quarter.

7. 2026 guidance reiteration vs cut - Any narrowing toward the bottom of the 4.0-5.5% range is the single biggest downside catalyst.

 

Options implied move: ±6-8% based on historical earnings volatility pattern. VOW3 Eurex-listed options have historically priced ±5-9% moves around earnings. Actual move driven by management tone more than raw numbers.

 

**My Position**

 

https://preview.redd.it/ll6680p2mfvg1.jpg?width=431&format=pjpg&auto=webp&s=fec21997dca4773589eac9e39d4c42f27788779a

 

100 shares, 1 call, 2 cash secured puts

And 1000 BYDDY shares for protection. Because I'm not completely stupid haha..

 

**If you want to wait for the print**

If you do not wanna buy before April 30. This is the clean-quarter test. Three things to listen for on the call:

•       Does Antlitz quantify Q1 tariff cost below €700M?

•       Does he reiterate the upper half of the 2026 margin range?

•       Any color on China NEV demand in early 2026?

 

\[PHARMACOLOGICAL DISCLOSURE: FINAL PHARMACOLOGICAL DISCLOSURE: This entire document was produced under the chemical influence of sertraline 50mg, which apparently does not impair the ability to run DCF models but does impair the ability to write shorter posts. The WACC is 7.0%. The dose is 50mg. Both of these numbers are correct.\]

 

 ",2026-04-15 22:41:10,
"Live Nation illegally monopolized ticketing market, jury in antitrust trial finds",1004,,2026-04-15 21:55:00,
"Forgot I made this comment two weeks ago until started getting replies on it today. Position value went up $100k today, sold at $17.70",2313,"Cost basis $6.70, been buying shares since 2024 with my last purchase for 500 shares a month ago at $2.50. Rally doesn’t make sense, but a good day for this former bag holder ",2026-04-15 21:52:21,
U.S to resume peace talks with Iran. SPX500 breaks all time high’s.,420,"SPX500 goes up 55.57 points to break all time highs and closes at 7022.95.

Peace talks resuming with Iran

[https://www.usatoday.com/story/news/world/2026/04/14/iran-war-strait-hormuz-trump-updates--live/89595803007/](https://www.usatoday.com/story/news/world/2026/04/14/iran-war-strait-hormuz-trump-updates--live/89595803007/)

BEARS IN SHAMBLES!",2026-04-15 20:40:02,
Are we here yet? Bear huddle 🌈🐻,342,"The US consumer is resilient they say… what will extra $1000- $2000/yr on energy do to this consumer ?

All I see and hear is people losing jobs, healthcare  spending reduced. JPM reduced outlook for net interest income this year.

Energy hungry data centers being built in poor towns… can such a consumer bear extra $1000- $2000/yr .

War is over (or so they tell us) but the effects linger. This is a shock never seen before

1. Restaurant traffic is down
2. Rich folk shopping at Walmart ( partly why stock is up) . Becky stocks are down…

What are you seeing in your neck of the woods ?

POSITIONS

$300 jun LNG CALL

$370 sep LNG CALL

$115 aug DHI PUT",2026-04-15 20:11:58,
SPY Officially Above 700 Dollars for the First Time,3981,Had to break this bad boy out. ,2026-04-15 20:00:19,
"What Are Your Moves Tomorrow, April 16, 2026",263,This post contains content not supported on old Reddit. [Click here to view the full post](https://sh.reddit.com/r/wallstreetbets/comments/1smh1se),2026-04-15 19:57:16,
$700 SPY history in the making,864,Bears permanently hibernating ,2026-04-15 19:29:57,
Sold all my calls,8880,,2026-04-15 17:01:31,
"Turned usd 8,800 into usd 225k. My best option play ever. 🚀",2795,I bought these calls (bottom yellow circle) on the evening of 13 April. Sold them evening of 14 Apr before market close. ,2026-04-15 16:10:12,
Allbirds shares jump over 400% on plans to pivot to AI from sneakers,4339,,2026-04-15 15:29:32,
"Allbirds, Inc. Executes $50M Convertible Financing Facility Agreement; Announces Expansion into AI Compute Infrastructure",936,,2026-04-15 13:29:52,
Robinhood stock jumps as SEC scraps $25K pattern day trader rule,577,"https://www.investing.com/news/stock-market-news/robinhood-stock-jumps-as-sec-scraps-25k-pattern-day-trader-rule-4615057 

>Investing.com -- Robinhood Markets (NASDAQ:HOOD) shares rose 6% Wednesday, building on Tuesday’s 10% gain after the Securities and Exchange Commission approved the elimination of restrictive pattern day trader rules.

>The SEC gave approval Tuesday for sweeping changes to restrictions on day-trading activity by retail investors, a move welcomed by retail brokers. Webull shares also climbed 6% on the news.

>The Financial Industry Regulatory Authority had proposed reworking the pattern day trading rule, which currently prohibits traders from making more than four day-trades in a five-day period if their margin account holds less than $25,000 in assets.

>Under the new framework, margin standards will require customers to maintain sufficient equity in their accounts to cover their current risk exposure. These standards will apply to all investors rather than targeting only those with smaller accounts.
Public feedback ""overwhelmingly supported"" the plan, which includes the ""elimination of the $25,000 minimum equity requirements and definition of pattern day trader,"" SEC Assistant Secretary Sherry Haywood wrote in an order.

>The regulatory change is expected to benefit retail brokers like Robinhood and Webull by potentially increasing trading activity among smaller investors who were previously restricted by the $25,000 threshold. The pattern day trader rule has been in place for years as a measure to protect inexperienced traders from excessive risk-taking in margin accounts, but it was viewed as outdated and overly restrictive.",2026-04-15 12:56:21,
Every fucking time,26389,,2026-04-15 08:41:07,
I love Wednesdays,378,,2026-04-15 04:04:03,
"160k Month, in the options account. Consistent 30k weeks, even through the war dip. Calls only, everyday.",839,"Calls on everything, specifically $BX, $BE, $BE Stock, $RACE, and 🍎 on the dip. All realized except 2 positions(\~120k on BX and RACE spreads for earnings) i am 80% cash for the rest of the week, might actually use my fake internet money to buy something real. 

May also add INTU puts when this euphoria slows down.",2026-04-15 03:31:37,
$BULL generational wealth incoming,1545,,2026-04-14 23:31:06,
"$MOS: The ""Hormuz Arbitrage"" Nobody is Talking About. Why the Market is Wrong about the Sulfur Crisis.",354,"The market is pricing **Mosaic ($MOS)** at $24 like it’s a victim of the Middle East crisis. It’s the opposite. Mosaic is the only phosphate producer on Earth with a ""Triple Moat"" while the world is on fire.

# 1. The Sulfur Trap (Geographical Alpha)

Hormuz is closed. 50% of seaborne sulfur is gone. India and China are paying **$900+/ton**.

* **The Reality:** Mosaic uses **molten sulfur** from US refineries. It’s liquid, hazardous, and physically ""trapped"" in the US.
* **The Spread:** Mosaic is paying **\~$500** in Tampa while their competitors pay $900. That’s **$400/ton of pure alpha** just for being in Florida.

# 2. The Ammonia ""Cheat Code""

Global ammonia is in a total supply-side panic because Gulf exports are shut in.

* **The Lock:** Mosaic has a long-term contract with **CF Industries** for 725,000 tons/year.
* **The Price:** It’s indexed to **US Natural Gas (Henry Hub)**. US gas is cheap and totally decoupled from the global chaos. While everyone else's ammonia costs are vertical, Mosaic’s are essentially fixed.

# 3. Your Main Competitor is Dying

Mosaic’s biggest global rival, **OCP Group (Morocco)**, is **shutting in 30% of their production**. [https://www.argusmedia.com/en/news-and-insights/latest-market-news/2809545-morocco-s-ocp-to-cut-production-in-2q](https://www.argusmedia.com/en/news-and-insights/latest-market-news/2809545-morocco-s-ocp-to-cut-production-in-2q)

* **The Reason:** They import millions of tons of sulfur from the Gulf. With Hormuz closed, they have no raw materials.
* **The Squeeze:** OCP is the world's largest exporter. With 30% of their volume vanishing, global DAP/MAP prices are heading to **$1,200+**. Today's data shows Mosaic already surged exports by **85,700 tons** to fill the gap, and they just got a bid at **$840 a ton** [https://www.argusmedia.com/en/news-and-insights/latest-market-news/2813448-us-mosaic-sells-40-000t-of-dap-for-south-asia](https://www.argusmedia.com/en/news-and-insights/latest-market-news/2813448-us-mosaic-sells-40-000t-of-dap-for-south-asia)

# 4. Asymmetric Upside: The Math

The stock is trading at **$24**, which is literally **Book Value**. It physically cannot go lower without the market claiming their mines and Florida ports are worth zero.

If we assume a conservative **$400/ton cash profit**

* **Phosphate Volume:** \~7.0 Million Tons
* **Phosphate EBITDA:** $2.8 Billion
* **Total Company EBITDA (Inc. Potash):** \~$4.2 Billion
* **The Re-Rate:** At a standard 6x EV/EBITDA multiple, the enterprise value hits **$25B**. After backing out debt, that implies a share price of **\~$52**.

**The Play:** You are buying a company at its floor ($24) with a mathematical path to **$50+** once the market realizes they are the only ones left standing with cheap and locked in US-based inputs.

**TL;DR:** OCP is shut in. Chinese phosphates closed and gone. US Refineries = Cheap Molten Sulfur. CF Contract = Cheap Ammonia. $MOS is the last man standing in a global fertilizer famine.

My winning positions. I'm expecting a 20x when Mosaic hits $60 a share.

https://preview.redd.it/hpzn0nafh8vg1.png?width=1961&format=png&auto=webp&s=b4b1d368338b541f0c5fb66eda636a4e4922bc4c

",2026-04-14 22:30:30,
What a comeback by markets,834,"What a comeback by market and just 2 weeks. 

No options. Just equity on margin.",2026-04-14 20:07:04,
Bought another 230k in calls,386,,2026-04-14 18:28:21,
"25k PDT Requirement is in final stages of being removed, awaiting FINRA Regulatory Notice.",550,,2026-04-14 17:27:36,
"I heard the war is over, 10K gain on SPY 0DTE calls",278,"I said I would quit 0DTE options but here I am… kept seeing oil prices trending lower, I kept reopening a position at different strikes throughout the morning, and the market just kept pumping. Pics show my most massive gains. If I had held my original position, that would have been an additional 10K gain (see last pic) but I’m not gonna be mad about that, gains are gains, and I’m not gonna try to be greedy like the past and end up reversing my luck.

I will say that as a recovering 🌈 🐻 addict, I noticed that it was becoming too easy to be a bear and everyone was switching to puts. The same thing happened at the start of the Covid pandemic and then jpow activated the money printer and sent every bear in existence back to Wendy’s, the same thing is happening now ",2026-04-14 16:18:24,
Live Cattle Futures Are at All-Time Highs and Nobody Cares,474,"Everyone is focused on oil right now, which makes sense given everything going on geopolitically. But the inflation that actually hits people first isn’t gasoline, it’s *food*. And **beef prices are quietly breaking out in a way that doesn’t look temporary at all**.

**Live cattle futures just pushed above $2.50/lb for the first time ever.** This isn’t some short-term spike either. If you zoom out, **the trend has been grinding higher since the pandemic** with barely any meaningful pullbacks. While people are debating whether oil is overbought, cattle has just been **steadily making new highs**.

Javier Blas pointed this out recently, noting that while everyone is watching oil, **wholesale beef prices in Chicago are already at record levels**. Going into summer, that matters more than people think. **BBQ season demand is about to hit right into a supply-constrained market.**

https://preview.redd.it/6yw9z2off6vg1.png?width=640&format=png&auto=webp&s=c06f1b7fbfad0b22484acbe3c75b7730db7e45b6

The key thing most people are missing is that **cattle isn’t like oil or even metals**. You can’t just increase supply because prices are high. The U.S. cattle herd is already at **multi-decade lows** after years of drought and high feed costs forced ranchers to liquidate. Once that happens, you don’t rebuild overnight. **It takes years to get herd sizes back up**, which means the supply constraint is already locked in.

On top of that, **feed costs are still elevated**. Corn and other inputs never really normalized, and energy feeds directly into that through fertilizer, transport, and operating costs. Even if oil stopped going up tomorrow, **the cost structure for producing beef is still much higher than it was pre-2020**.

Weather hasn’t helped either. Drought conditions across major cattle regions have reduced grazing capacity, which is part of why herds got cut in the first place. What we’re seeing now is **the lagged effect of decisions that were made one or two years ago**.

Demand, on the other hand, hasn’t really broken. People might trade down at the margin, but **beef consumption is relatively sticky**, especially seasonally. **Summer demand is about to ramp into an already tight market.**

The bigger point here is that **this isn’t separate from the oil trade, it’s downstream of it**. Energy costs flow into everything: transportation, fertilizer, feed production, and distribution. **If oil stays elevated, food inflation doesn’t just go away.**

And there’s a real argument that oil isn’t coming down anytime soon. Between the ongoing conflict involving Iran and the risk of sustained damage to key infrastructure in places like Saudi Arabia, **this looks more like a structural supply issue than a short-term spike**. If that’s the case, you’re looking at **persistently higher input costs across the entire commodity complex**.

That’s where the opportunity is. The market is very focused on trading energy directly, but **it hasn’t fully priced how sticky second-order inflation could be**. Food, especially something like beef with long production cycles, is where that shows up.

The risk, obviously, is **demand destruction** if the economy rolls over hard. If consumers pull back enough, that can cap prices. But given how tight supply already is, **it would likely take a real downturn to reverse this trend in a meaningful way**.

The way I see it, this is part of a broader commodities story that still has room to run. Oil gets the attention, but **cattle is quietly confirming that inflation pressures are still very real and probably more persistent than the market wants to believe**.

That’s where the opportunity is. The market is very focused on trading energy directly, but it hasn’t fully priced how sticky second-order inflation could be. Food, especially something like beef with long production cycles, is where that shows up.

**My position:** I’m long cattle via live cattle futures and looking at proxies that benefit from higher beef pricing. I also think this reinforces a broader long commodities / long energy setup.

If oil stays elevated due to ongoing geopolitical risk and potential infrastructure disruption in places like Saudi Arabia, input costs across agriculture remain high. That feeds directly into cattle, which already has constrained supply.

This isn’t a short-term trade for me. It’s a **structural inflation play**.

**Risks:** If we get a hard recession and demand collapses, or if energy prices unexpectedly unwind, this could reverse. But given current supply constraints, I think downside is limited relative to upside persistence.",2026-04-14 15:46:10,
PUMP IT UP,1017,,2026-04-14 15:27:11,
Why is oil going down? I am too regarded.,1778,"Oil kept going down shit hit my stop loss and lost 10k not the end of the world whatever, 

But I am too stupid to understand how did it fall so low, infrastructure still destroyed strait is blocked tankers are rerouting choosing routes that are months longer instead of waiting outside it, my brain is telling me number go up? ",2026-04-14 14:43:22,
I’m sorry bears.,10933,"I used to be a bear like you, then i took a bull market rally to the knee.",2026-04-14 13:47:38,
US PPI lower than expectations,358,,2026-04-14 12:37:23,
Amazon signs $11.57 billion deal for satellite firm Globalstar to challenge Musk's Starlink,1324,,2026-04-14 12:13:24,
Record numbers of tankers reroute to US gulf to load oil- Shipping Data show,2420,"https://www.aol.com/articles/record-armada-tankers-bound-u-212900656.html

An unusually large number of crude oil tankers on the open seas has the American Gulf coast as a destination as the ships are redirected to load cargoes bound for markets around the world already experiencing shortages.

Second-term Republican President Donald Trump said Saturday on social media that ""massive numbers"" of ""completely empty"" oil tankers are en route to the United States to purchase American energy.

Shipping data posted by maritime intelligence company Windward shows 171 crude tankers are bound for the U.S. Gulf to load crude oil cargoes, which compares with about 110 in a typical month.

The surging vessel traffic comes as nations throughout Europe and Asia grapple to secure energy supplies and regional prices skyrocket. Germany is providing emergency fuel relief to its citizens while officials in the Philippines recently declared a national energy emergency as the world looks increasingly to the U.S. to replenish war-starved oil and gas markets.

Shipping data shows approximately 28 very large crude carriers, which can hold about 2 million barrels of oil, have been contracted to load U.S. crude in May compared to a monthly average of just five in a typical month, according to Kpler.",2026-04-14 02:35:20,
Saudi Arabia Is Pressing U.S. to Drop Its Hormuz Blockade,5844,"Gulf energy exporters worry Iran could escalate and close the Bab al-Mandeb, the main exit route for bottlenecked Persian Gulf oil",2026-04-14 02:04:08,
Full ported $673 SPY poots,324,I am restarted. Wat do,2026-04-14 01:45:59,
$100k gain from holding 0DTE SPX calls until close,665,,2026-04-14 01:02:29,
United CEO Has Pitched Possible Combination With Rival American,392,,2026-04-13 23:02:05,
"$RKLB CEO Peter Beck reduces his salary to 1$ and cancels all his stock plans, then files for neutron launch plans",1648,"What a goat, cancels his salary and share plan salary stating his existing shares will be worth more, then files for rocket launch debut July 1-dec 31 this year. Both happened this month, with neutron launch forms filed today

With SpaceX IPO happening and there rocket finally launching after 5 years in the making, I’m buying fucking calls. Has there ever been a longer catalyst in the making? 5 years is nuts, and the ceo believes in it so much he makes his salary his only shares held right now

**Peter beck reduces salary to 1$**

[https://www.tradingview.com/news/tradingview:4f5ab5535dd3e:0-rocket-lab-s-peter-beck-cuts-salary-to-1-00-forfeits-392-155-rsus/](https://www.tradingview.com/news/tradingview:4f5ab5535dd3e:0-rocket-lab-s-peter-beck-cuts-salary-to-1-00-forfeits-392-155-rsus/)

**Neutron files for launch permit, Page 10 for posted date (July 1-dec 31)**

[https://apps.fcc.gov//els/GetAtt.html?id=399698&x=](https://apps.fcc.gov//els/GetAtt.html?id=399698&x=)",2026-04-13 23:01:03,
Getting absolutely wrecked,496,,2026-04-13 22:35:53,
Fuck this fucking market,2784,Market up 9 days in a row on nothing.,2026-04-13 20:47:33,
$700 to $18000 in a couple of hours,559,"Reasoning here, called out when futures opened

https://www.reddit.com/r/wallstreetbets/s/zvEfdvpn5O",2026-04-13 20:08:18,
The physical oil market is screaming there is a supply shock yet equities still seem calm?,905,"People keep pointing to the front month of Brent being around 102 dollars and acting like the market has already priced this in and has it under control.

I do not believe it does.

To be precise, I do not believe in the screen price we are seeing. I am talking about the physical market of oil. Reuters literally reported that the North Sea Forties for delivery of barrels immediately is at 148.87 dollars a barrel while June Brent futures are sitting at slightly over 100? Dated Brent was literally trading more than 40+ dollars above June Brent futures. That is not a calm market at all. This is just the market paying a massive premium on top of the barrels that actually exist right now.

**TLDR**: The front end is screaming that there is a shortage while the paper curve we have on our screens says that traders think this war is almost over and normalization will happen.

That disconnect matters because the Hormuz is still closed and it is not just some ""strait"" that does not matter as Trump claims (With written Twitter posts calling them psychopaths and to open the strait). 20 million barrels move through this straight per day in normal conditions and the IEA has called this the biggest oil disruption in history. Even after the emergency reserves were released, the supply-side measures alone can not eliminate the disruption.

So ask yourselves: If the physical oil market is pricing an active supply emergency in, why is the broader markets still behaving like this is just another temporary scare in headlines?

SPY literally went green intraday today (April 13 as I write this up) and the S&P has also rebounded hard from its March low. All the banks are already back to the usual propaganda of ""buy the dip"". Maybe they are right, Maybe this all cools off.

But if they are wrong, this setup is screaming dangerous in every direction because what the oil market is saying right now (I'm literally informed by a petroleum engineer):

Replacements of oil barrels are scarce in supply

The near term supply is at risk

The damage from this conflict is not fully prepared to be fixed (this is already going to cause oil be at 100 dollars plus for the remainder of the year minimum)

The market is too confident that this will blow over soon.

That's why I think markets are not pricing this conflict in properly.

I am not calling for a Black-Monday style event guaranteed tomorrow morning, however, I do believe it is coming towards the near end of this month, and Trump intentionally pumped the markets with a false claim of desiring a ceasefire. I believe Trump wanted a PR stunt to look like he tried negotiating with Iran so he would maintain the ""President of Peace"" card and that Iran did not want peace and wants a ""nuclear weapon"" (they've been claiming Iran is 1 week away from a nuke since 1981 till today). I believe Trump intentionally pumped the markets creating a liquidity exits for his inner circle and we are about to see one of the largest crashes in history in a single day. He also is indirectly threatening China's tankers by saying he's ""blockading the Hormuz"" which is basically a threat to any Chinese tanker that loads up Iranian oil for those who didn't understand what he is trying to say (as I am making this post a Chinese tanker just passed through).

I am saying the odds of a violent repricing look much higher today than what SPY's action suggested today.

The IEA says around 20 million barrels per day normally transit the Hormuz and the March emergency release of reserves of 400 million barrels (the largest in its history) can not replace the disruption of the Hormuz. Reuters also reported that analysts now expect the oil market to run a 750,000 barrel per day deficit in 2026 vs a 1.63 million bpd surplus which we expected last September while OPEC said March OPEC+ outputs collapsed by 7.7 million bpd. On the side of equity, SPY has already been modestly higher intraday on the 13th of April while Reuters said that the SPY has rebounded nearly 8% from its lows in March. J.P. Morgan and Morgan Stanley literally told clients that recent weakness looks like a buying opportunity instead of a prolonged downturn.

In other words the cleanest way for me to express this is:

**I am putting my money where my mouth is at and opening shorts on the SPY + holding my oil positions""**

**Physical markets are trading supply at an emergency, equities are still trading a ""temporary"" geopolitical scare, and one of them is wrong.**

**NFA**. Just watching the tape.

[One of my ports. I have more positions and have bought more in March and last week](https://preview.redd.it/5hb5kuc140vg1.png?width=1488&format=png&auto=webp&s=254ee5ca3629b216295048bcacfb33d78a2ca54d)

[https://www.reuters.com/business/energy/physical-oil-europe-hits-record-high-near-150-barrel-hormuz-crisis-worsens-2026-04-13/](https://www.reuters.com/business/energy/physical-oil-europe-hits-record-high-near-150-barrel-hormuz-crisis-worsens-2026-04-13/)

[https://www.reuters.com/business/finance/jpmorgan-morgan-stanley-urge-buying-dip-us-earnings-stay-resilient-2026-04-13/](https://www.reuters.com/business/finance/jpmorgan-morgan-stanley-urge-buying-dip-us-earnings-stay-resilient-2026-04-13/)

[https://www.reuters.com/business/energy/opec-lowers-second-quarter-global-oil-demand-forecast-iran-war-2026-04-13/](https://www.reuters.com/business/energy/opec-lowers-second-quarter-global-oil-demand-forecast-iran-war-2026-04-13/)

Chinese Defense Ministry: ‘Chinese ships continue to move in and out of the waters of the Strait of Hormuz. We have trade and energy agreements with Iran, which we will respect and abide by. We expect others not to interfere in our affairs. Iran controls the Strait of Hormuz, and has opened it to us.’",2026-04-13 18:31:20,
"I'm sorry bears, back to hibernation",7227,,2026-04-13 18:11:47,
Nvidia Is Negotiating To Buy A Large PC Oriented Company,1695,,2026-04-13 17:10:53,
Got lucky again? 66k gain on Spy Calls,252,"Was so hard to hold this call it was up and down since buying at 9:34am, I think I aged +20yrs during 4hrs. My goal was $1.0. If it goes higher now I don’t care!!.

Ps. This is not encouragement to trade options. Plz trade with caution. Happy Monday everyone. ",2026-04-13 16:57:46,
"Chevron, Shell to sign agreements for oil, gas areas in Venezuela, sources say",565,,2026-04-13 16:44:35,
Tried being a Bear and got shot in the woods,1761,"Skinned, turned into a rug, tossed into the Wendys dumpster",2026-04-13 16:42:09,
You all have forgotten the Saddam-Bunker model for middle east conflicts.,7774,,2026-04-13 15:36:44,
650k in calls expiring this/next week,254,,2026-04-13 14:11:52,
"Daily Discussion Thread for April 13, 2026",272,This post contains content not supported on old Reddit. [Click here to view the full post](https://sh.reddit.com/r/wallstreetbets/comments/1sk7i7b),2026-04-13 11:02:59,
"Put $40,000 on red",324,Scheduled the Wendy’s interview ,2026-04-13 09:27:45,
Welcome to Bear Week-,4426,Bears being Bears this week! ,2026-04-13 07:45:07,
